outcome,sample,timing,control_group,event_time,estimate,se,ci_low,ci_high
inventors_per_100k_pop,europe_lau,standard_decade,notyettreated,-70,-2.68165356056272,2.1276376121670846,-6.851823280410207,1.488516159284766
inventors_per_100k_pop,europe_lau,standard_decade,notyettreated,-60,-1.211502320775867,1.9954664591265008,-5.122616580663808,2.6996119391120743
inventors_per_100k_pop,europe_lau,standard_decade,notyettreated,-50,-0.63162535105405615,1.8625271499944884,-4.282178565043253,3.0189278629351413
inventors_per_100k_pop,europe_lau,standard_decade,notyettreated,-40,-0.930251874045725,1.4752237513731619,-3.821690426737122,1.9611866786456722
inventors_per_100k_pop,europe_lau,standard_decade,notyettreated,-30,0.48898254953655534,1.3722384920798623,-2.200604894939975,3.1785699940130856
inventors_per_100k_pop,europe_lau,standard_decade,notyettreated,-20,0.41306751413581344,1.3633306177869273,-2.259060496726564,3.085195524998191
inventors_per_100k_pop,europe_lau,standard_decade,notyettreated,-10,0,NA,NA,NA
inventors_per_100k_pop,europe_lau,standard_decade,notyettreated,0,-1.2901358802717924,1.101392456345054,-3.448865094708098,0.8685933341645133
inventors_per_100k_pop,europe_lau,standard_decade,notyettreated,10,-0.9125007390029033,0.9285292703204515,-2.7324181088309882,0.9074166308251815
inventors_per_100k_pop,europe_lau,standard_decade,notyettreated,20,-2.846352247995042,1.3214023435737194,-5.436300841399532,-0.2564036545905517
inventors_per_100k_pop,europe_lau,standard_decade,notyettreated,30,-3.267030730408539,1.2688348063823613,-5.7539469509179675,-0.7801145098991107
inventors_per_100k_pop,europe_lau,standard_decade,notyettreated,40,-3.365807035401658,1.4806485918599843,-6.267878275447227,-0.4637357953560888
inventors_per_100k_pop,europe_lau,standard_decade,notyettreated,50,-3.4894616735884383,1.4969945195245173,-6.423570931856492,-0.5553524153203844
inventors_per_100k_pop,europe_lau,standard_decade,notyettreated,60,-4.429608139471809,1.5443298167990944,-7.456494580398035,-1.4027216985455842
inventors_per_100k_pop,europe_lau,standard_decade,notyettreated,70,-4.883981824005791,1.5466909432084084,-7.915496072694271,-1.8524675753173105
stem_per_100k_pop,europe_lau,standard_decade,notyettreated,-70,-0.7953626934796096,0.8539744828034916,-2.469152679774453,0.8784272928152339
stem_per_100k_pop,europe_lau,standard_decade,notyettreated,-60,-0.19260613428036638,0.7350642156228955,-1.6333319969012416,1.2481197283405088
stem_per_100k_pop,europe_lau,standard_decade,notyettreated,-50,0.06533486118785975,0.9046097019953276,-1.7077001547229824,1.8383698770987018
stem_per_100k_pop,europe_lau,standard_decade,notyettreated,-40,0.21075029833100797,0.8096445452260204,-1.3761530103119919,1.7976536069740077
stem_per_100k_pop,europe_lau,standard_decade,notyettreated,-30,0.5672613123312462,0.7760351319664515,-0.9537675463229986,2.0882901709854913
stem_per_100k_pop,europe_lau,standard_decade,notyettreated,-20,-0.10555284731456048,0.7718042979681726,-1.6182892713321786,1.4071835767030578
stem_per_100k_pop,europe_lau,standard_decade,notyettreated,-10,0,NA,NA,NA
stem_per_100k_pop,europe_lau,standard_decade,notyettreated,0,-0.09173616719579038,0.5975399867857324,-1.2629145412958258,1.079442206904245
stem_per_100k_pop,europe_lau,standard_decade,notyettreated,10,0.14677118610260353,0.567682961507114,-0.9658874184513397,1.2594297906565468
stem_per_100k_pop,europe_lau,standard_decade,notyettreated,20,-0.68227768552669,0.5197994594289195,-1.701084626007372,0.3365292549539921
stem_per_100k_pop,europe_lau,standard_decade,notyettreated,30,-0.9330084902402151,0.41359609052078744,-1.7436568276609585,-0.12236015281947177
stem_per_100k_pop,europe_lau,standard_decade,notyettreated,40,-0.9274822144365831,0.5102173939974581,-1.927508306671601,0.07254387779843485
stem_per_100k_pop,europe_lau,standard_decade,notyettreated,50,-1.2696313683169793,0.47535307522600667,-2.2013233957599523,-0.33793934087400623
stem_per_100k_pop,europe_lau,standard_decade,notyettreated,60,-1.3492340374278617,0.45180888876012215,-2.2347794593977013,-0.4636886154580223
stem_per_100k_pop,europe_lau,standard_decade,notyettreated,70,-1.8961859895557487,0.5395396402068563,-2.953683684361187,-0.8386882947503103
n_inventors,europe_lau,standard_decade,notyettreated,-70,-12.28048585733425,5.43908091748492,-22.941084455604695,-1.6198872590638072
n_inventors,europe_lau,standard_decade,notyettreated,-60,-10.899518850365984,5.446549074889614,-21.57475503714963,-0.2242826635823416
n_inventors,europe_lau,standard_decade,notyettreated,-50,-10.384024946197918,5.303210516186731,-20.778317557923913,0.010267665528074232
n_inventors,europe_lau,standard_decade,notyettreated,-40,-8.916997413526154,4.00623794925194,-16.769223794059954,-1.0647710329923523
n_inventors,europe_lau,standard_decade,notyettreated,-30,-6.7169961210612215,4.397217993918657,-15.335543389141788,1.9015511470193456
n_inventors,europe_lau,standard_decade,notyettreated,-20,-5.0071221675690625,2.7559510115932118,-10.408786150291757,0.39454181515363285
n_inventors,europe_lau,standard_decade,notyettreated,-10,0,NA,NA,NA
n_inventors,europe_lau,standard_decade,notyettreated,0,1.4622266569294438,1.2840663361401399,-1.0545433619052302,3.978996675764118
n_inventors,europe_lau,standard_decade,notyettreated,10,5.884393034870436,2.851834452912695,0.2947975071615536,11.473988562579319
n_inventors,europe_lau,standard_decade,notyettreated,20,7.883778157550025,3.4251372924691608,1.1705090643104699,14.59704725078958
n_inventors,europe_lau,standard_decade,notyettreated,30,9.386820234806551,3.38103817749655,2.759985406913313,16.01365506269979
n_inventors,europe_lau,standard_decade,notyettreated,40,17.307852580543805,5.060607311323585,7.38906225034958,27.22664291073803
n_inventors,europe_lau,standard_decade,notyettreated,50,19.880823087904044,8.599046367955385,3.026692206711491,36.734953969096594
n_inventors,europe_lau,standard_decade,notyettreated,60,19.841655488437354,6.802532017122336,6.508692734877576,33.17461824199713
n_inventors,europe_lau,standard_decade,notyettreated,70,13.028669269346947,5.006544527525286,3.215841995397387,22.841496543296508
log1p_n_inventors,europe_lau,standard_decade,notyettreated,-70,-0.7356930274656566,0.10833021584371777,-0.9480202505193434,-0.5233658044119698
log1p_n_inventors,europe_lau,standard_decade,notyettreated,-60,-0.48077854441466095,0.10302286869846568,-0.6827033670636536,-0.27885372176566825
log1p_n_inventors,europe_lau,standard_decade,notyettreated,-50,-0.3856652171958149,0.09312716846401707,-0.5681944673852883,-0.20313596700634146
log1p_n_inventors,europe_lau,standard_decade,notyettreated,-40,-0.3084700713759744,0.0767090691155182,-0.4588198468423901,-0.1581202959095587
log1p_n_inventors,europe_lau,standard_decade,notyettreated,-30,-0.1917089534748457,0.09660888920510817,-0.3810623763168577,-0.0023555306328336967
log1p_n_inventors,europe_lau,standard_decade,notyettreated,-20,-0.05702345771569936,0.07864340584503114,-0.2111645331719604,0.09711761774056168
log1p_n_inventors,europe_lau,standard_decade,notyettreated,-10,0,NA,NA,NA
log1p_n_inventors,europe_lau,standard_decade,notyettreated,0,-0.047099692946988674,0.08663300656554858,-0.2169003858154639,0.12270099992148653
log1p_n_inventors,europe_lau,standard_decade,notyettreated,10,0.21012294127104716,0.07641374871545624,0.060351993788752945,0.3598938887533414
log1p_n_inventors,europe_lau,standard_decade,notyettreated,20,0.17675600782289289,0.08459618942287588,0.010947476554056174,0.34256453909172957
log1p_n_inventors,europe_lau,standard_decade,notyettreated,30,0.24273261671787222,0.08428773019247805,0.07752866554061524,0.4079365678951292
log1p_n_inventors,europe_lau,standard_decade,notyettreated,40,0.3644840807605602,0.09708561894104091,0.17419626763612003,0.5547718938850004
log1p_n_inventors,europe_lau,standard_decade,notyettreated,50,0.4753039585916134,0.08691959866370072,0.30494154521076,0.6456663719724668
log1p_n_inventors,europe_lau,standard_decade,notyettreated,60,0.36413781136798085,0.11658699235214419,0.13562730635777823,0.5926483163781835
log1p_n_inventors,europe_lau,standard_decade,notyettreated,70,0.23881355360868456,0.13161670796602434,-0.019155194004723153,0.49678230122209227
n_stem,europe_lau,standard_decade,notyettreated,-70,-4.5847209574122765,1.7884482158421102,-8.090079460462812,-1.0793624543617404
n_stem,europe_lau,standard_decade,notyettreated,-60,-3.766106381495979,1.8286964029103745,-7.350351331200313,-0.18186143179164516
n_stem,europe_lau,standard_decade,notyettreated,-50,-4.118274308732802,1.8291952357498962,-7.703496970802599,-0.5330516466630062
n_stem,europe_lau,standard_decade,notyettreated,-40,-2.975895097143752,1.5768620978141359,-6.066544808859458,0.11475461457195424
n_stem,europe_lau,standard_decade,notyettreated,-30,-1.928697693373871,0.9269694465364435,-3.7455578085853003,-0.11183757816244189
n_stem,europe_lau,standard_decade,notyettreated,-20,-1.7701934339583658,1.0718105630336683,-3.870942137504356,0.33055526958762393
n_stem,europe_lau,standard_decade,notyettreated,-10,0,NA,NA,NA
n_stem,europe_lau,standard_decade,notyettreated,0,0.7011036153655661,0.6780905338152278,-0.6279538309122803,2.0301610616434127
n_stem,europe_lau,standard_decade,notyettreated,10,2.8085590591414524,1.2743411067416943,0.31085048992773157,5.306267628355173
n_stem,europe_lau,standard_decade,notyettreated,20,3.078791631278526,1.3061732938832564,0.5186919752673438,5.638891287289709
n_stem,europe_lau,standard_decade,notyettreated,30,2.7852847785426236,1.1425525940784844,0.5458816941487941,5.024687862936453
n_stem,europe_lau,standard_decade,notyettreated,40,5.3708489706939995,1.7666818902635606,1.908152465777421,8.833545475610578
n_stem,europe_lau,standard_decade,notyettreated,50,5.806609203019622,2.4950097207850273,0.9163901502809688,10.696828255758277
n_stem,europe_lau,standard_decade,notyettreated,60,5.673507082101688,2.3901581682017534,0.9887970724262516,10.358217091777124
n_stem,europe_lau,standard_decade,notyettreated,70,2.4390618525063137,1.8229327389843368,-1.1338863159029864,6.012010020915614
log1p_n_stem,europe_lau,standard_decade,notyettreated,-70,-0.6039339744909039,0.10761929978619152,-0.8148678020718393,-0.39300014690996854
log1p_n_stem,europe_lau,standard_decade,notyettreated,-60,-0.39660235556935985,0.10424441222825842,-0.6009214035367464,-0.19228330760197335
log1p_n_stem,europe_lau,standard_decade,notyettreated,-50,-0.38705181381013987,0.11117844936092688,-0.6049615745575565,-0.16914205306272317
log1p_n_stem,europe_lau,standard_decade,notyettreated,-40,-0.1865860586682948,0.08987607622167433,-0.3627431680627765,-0.010428949273813132
log1p_n_stem,europe_lau,standard_decade,notyettreated,-30,-0.16361746115803308,0.10464555942579211,-0.3687227576325856,0.04148783531651945
log1p_n_stem,europe_lau,standard_decade,notyettreated,-20,-0.09041909721463186,0.10347783173976983,-0.29323564742458075,0.11239745299531702
log1p_n_stem,europe_lau,standard_decade,notyettreated,-10,0,NA,NA,NA
log1p_n_stem,europe_lau,standard_decade,notyettreated,0,0.019607613861414006,0.10726280674835341,-0.19062748736535867,0.2298427150881867
log1p_n_stem,europe_lau,standard_decade,notyettreated,10,0.2331302891733902,0.0951114750074368,0.04671179815881407,0.4195487801879664
log1p_n_stem,europe_lau,standard_decade,notyettreated,20,0.21322903895394363,0.09822765503430952,0.020702835086696958,0.4057552428211903
log1p_n_stem,europe_lau,standard_decade,notyettreated,30,0.2657601175557229,0.09031960433626449,0.0887336930566445,0.4427865420548013
log1p_n_stem,europe_lau,standard_decade,notyettreated,40,0.33722492568419044,0.08957980544267458,0.16164850701654826,0.5128013443518327
log1p_n_stem,europe_lau,standard_decade,notyettreated,50,0.3605463452909797,0.09793887341429182,0.1685861533989677,0.5525065371829916
log1p_n_stem,europe_lau,standard_decade,notyettreated,60,0.38528266084655083,0.10483708467498251,0.1798019748835851,0.5907633468095166
log1p_n_stem,europe_lau,standard_decade,notyettreated,70,0.15728372369470367,0.12326234798340592,-0.08431047835277192,0.3988779257421793
inventors_per_100k_pop,europe_lau,alternative_decade,notyettreated,-70,-2.355860765285494,2.094763841540085,-6.461597894704061,1.749876364133073
inventors_per_100k_pop,europe_lau,alternative_decade,notyettreated,-60,-0.1732970933921389,1.9392830968295358,-3.974291963178029,3.6276977763937515
inventors_per_100k_pop,europe_lau,alternative_decade,notyettreated,-50,-0.5160752578289926,1.7325107293039257,-3.911796287264687,2.8796457716067017
inventors_per_100k_pop,europe_lau,alternative_decade,notyettreated,-40,-0.35193907703956206,1.5684541191386774,-3.42610915055137,2.7222309964722458
inventors_per_100k_pop,europe_lau,alternative_decade,notyettreated,-30,2.3317481906117763,1.3783093957098467,-0.36973822497952336,5.0332346062030755
inventors_per_100k_pop,europe_lau,alternative_decade,notyettreated,-20,0.6981193180227006,1.3944475989707001,-2.0349979759598718,3.4312366120052724
inventors_per_100k_pop,europe_lau,alternative_decade,notyettreated,-10,0,NA,NA,NA
inventors_per_100k_pop,europe_lau,alternative_decade,notyettreated,0,0.6220658120521988,1.0517618488391713,-1.4393874116725769,2.6835190357769747
inventors_per_100k_pop,europe_lau,alternative_decade,notyettreated,10,-1.0072151365488755,1.015389950070579,-2.9973794386872106,0.9829491655894593
inventors_per_100k_pop,europe_lau,alternative_decade,notyettreated,20,-2.555920542502648,1.2868879479310276,-5.078220920447462,-0.03362016455783401
inventors_per_100k_pop,europe_lau,alternative_decade,notyettreated,30,-2.689774362673218,1.2671686936353088,-5.173425002198423,-0.20612372314801286
inventors_per_100k_pop,europe_lau,alternative_decade,notyettreated,40,-2.474007574783933,1.5332525949082838,-5.479182660804169,0.531167511236303
inventors_per_100k_pop,europe_lau,alternative_decade,notyettreated,50,-2.8531496791728648,1.4532402947150118,-5.701500656814288,-0.004798701531441463
inventors_per_100k_pop,europe_lau,alternative_decade,notyettreated,60,-3.838926621169919,1.5221531164473718,-6.8223467294067675,-0.8555065129330703
inventors_per_100k_pop,europe_lau,alternative_decade,notyettreated,70,-4.373227685157198,1.7069736215673537,-7.718895983429211,-1.0275593868851844
stem_per_100k_pop,europe_lau,alternative_decade,notyettreated,-70,-0.4600365817594462,0.8688543853725236,-2.162991177089592,1.2429180135707
stem_per_100k_pop,europe_lau,alternative_decade,notyettreated,-60,0.7002026806147316,1.031952604794218,-1.3224244247819357,2.722829786011399
stem_per_100k_pop,europe_lau,alternative_decade,notyettreated,-50,-0.4564814659450943,0.788672680006306,-2.002279918757454,1.0893169868672654
stem_per_100k_pop,europe_lau,alternative_decade,notyettreated,-40,0.9412067323560327,0.8493547953623679,-0.7235286665542084,2.605942131266274
stem_per_100k_pop,europe_lau,alternative_decade,notyettreated,-30,0.9042346907556351,0.7762110381199747,-0.6171389439595154,2.425608325470786
stem_per_100k_pop,europe_lau,alternative_decade,notyettreated,-20,0.21048015830783526,0.7613825531344923,-1.2818296458357696,1.7027899624514402
stem_per_100k_pop,europe_lau,alternative_decade,notyettreated,-10,0,NA,NA,NA
stem_per_100k_pop,europe_lau,alternative_decade,notyettreated,0,0.6056535926373062,0.6565901308017432,-0.6812630637341105,1.892570249008723
stem_per_100k_pop,europe_lau,alternative_decade,notyettreated,10,0.26027049399011737,0.6279206656409491,-0.9704540106661427,1.4909949986463773
stem_per_100k_pop,europe_lau,alternative_decade,notyettreated,20,-0.5099511314527273,0.6129599233043437,-1.711352581129241,0.6914503182237862
stem_per_100k_pop,europe_lau,alternative_decade,notyettreated,30,-0.792959669819942,0.46044877755501373,-1.6954392738277688,0.10951993418788486
stem_per_100k_pop,europe_lau,alternative_decade,notyettreated,40,-0.6460596078933261,0.5527366603769053,-1.7294234622320603,0.4373042464454082
stem_per_100k_pop,europe_lau,alternative_decade,notyettreated,50,-0.7965987482680544,0.5181300014162571,-1.8121335510439183,0.2189360545078095
stem_per_100k_pop,europe_lau,alternative_decade,notyettreated,60,-1.3850245096518998,0.5059367807174032,-2.37666059985801,-0.3933884194457895
stem_per_100k_pop,europe_lau,alternative_decade,notyettreated,70,-1.6129672697389545,0.5966421161443398,-2.7823858173818605,-0.44354872209604856
n_inventors,europe_lau,alternative_decade,notyettreated,-70,-12.66059477375774,5.487370413485329,-23.415840784188987,-1.9053487633264954
n_inventors,europe_lau,alternative_decade,notyettreated,-60,-11.263166307983962,5.606738016830913,-22.25237282097255,-0.27395979499537404
n_inventors,europe_lau,alternative_decade,notyettreated,-50,-11.130466750189841,5.084765587487712,-21.096607301665756,-1.1643261987139262
n_inventors,europe_lau,alternative_decade,notyettreated,-40,-9.338403658989156,4.1191131399322956,-17.411865413256457,-1.2649419047218569
n_inventors,europe_lau,alternative_decade,notyettreated,-30,-6.847717034372777,4.124014312155948,-14.930785086198433,1.2353510174528806
n_inventors,europe_lau,alternative_decade,notyettreated,-20,-4.891088865496738,2.8964884538607882,-10.568206235063883,0.7860285040704067
n_inventors,europe_lau,alternative_decade,notyettreated,-10,0,NA,NA,NA
n_inventors,europe_lau,alternative_decade,notyettreated,0,2.7891183617134008,1.8782267069551877,-0.892205983918767,6.470442707345569
n_inventors,europe_lau,alternative_decade,notyettreated,10,5.069329741831595,1.6802790436730555,1.7759828162324065,8.362676667430783
n_inventors,europe_lau,alternative_decade,notyettreated,20,8.011880112941602,3.4003477015727643,1.347198617858984,14.67656160802422
n_inventors,europe_lau,alternative_decade,notyettreated,30,9.788096023224252,3.674892940418661,2.585305860003677,16.990886186444826
n_inventors,europe_lau,alternative_decade,notyettreated,40,15.931176979889232,5.119546891332862,5.896865072876821,25.965488886901642
n_inventors,europe_lau,alternative_decade,notyettreated,50,22.759722281401213,8.808435706701768,5.495188296265749,40.02425626653668
n_inventors,europe_lau,alternative_decade,notyettreated,60,16.095787242846068,4.012255575764009,8.231766314348612,23.959808171343525
n_inventors,europe_lau,alternative_decade,notyettreated,70,13.082876172674801,5.581942200228429,2.14226946022708,24.023482885122522
log1p_n_inventors,europe_lau,alternative_decade,notyettreated,-70,-0.6759540279170333,0.1134414780664056,-0.8982993249271882,-0.4536087309068783
log1p_n_inventors,europe_lau,alternative_decade,notyettreated,-60,-0.3841656976649239,0.12175857555420427,-0.6228125057511643,-0.14551888957868356
log1p_n_inventors,europe_lau,alternative_decade,notyettreated,-50,-0.353959463617266,0.08731914296810013,-0.5251049838347422,-0.18281394339978974
log1p_n_inventors,europe_lau,alternative_decade,notyettreated,-40,-0.27958237934420316,0.08748534573996393,-0.4510536569945325,-0.10811110169387386
log1p_n_inventors,europe_lau,alternative_decade,notyettreated,-30,-0.08189482636823046,0.09870217190788753,-0.27535108330769004,0.1115614305712291
log1p_n_inventors,europe_lau,alternative_decade,notyettreated,-20,-0.033034233361505405,0.08556291059295529,-0.20073753812369777,0.13466907140068696
log1p_n_inventors,europe_lau,alternative_decade,notyettreated,-10,0,NA,NA,NA
log1p_n_inventors,europe_lau,alternative_decade,notyettreated,0,0.13475054198307806,0.094437974656755,-0.050347888344161734,0.31984897231031784
log1p_n_inventors,europe_lau,alternative_decade,notyettreated,10,0.22466979820388566,0.06576280393126781,0.09577470249860076,0.35356489390917056
log1p_n_inventors,europe_lau,alternative_decade,notyettreated,20,0.19737490953893067,0.09398273683558633,0.013168745341181454,0.3815810737366799
log1p_n_inventors,europe_lau,alternative_decade,notyettreated,30,0.28448563979033015,0.09147841517137205,0.10518794605444093,0.46378333352621937
log1p_n_inventors,europe_lau,alternative_decade,notyettreated,40,0.4387666987553635,0.09270312673706455,0.257068570350717,0.62046482716001
log1p_n_inventors,europe_lau,alternative_decade,notyettreated,50,0.5029440252775275,0.09825307845226401,0.31036799151109,0.695520059043965
log1p_n_inventors,europe_lau,alternative_decade,notyettreated,60,0.40799661471720516,0.11543187316278024,0.1817501433181559,0.6342430861162545
log1p_n_inventors,europe_lau,alternative_decade,notyettreated,70,0.2384414569825666,0.14088847485203854,-0.03769995372742893,0.5145828676925621
n_stem,europe_lau,alternative_decade,notyettreated,-70,-4.883847970620388,1.8098530095214367,-8.431159869282403,-1.3365360719583719
n_stem,europe_lau,alternative_decade,notyettreated,-60,-4.081279019197866,1.7515231900773418,-7.514264471749456,-0.6482935666462759
n_stem,europe_lau,alternative_decade,notyettreated,-50,-4.5724223204277825,1.9312906791098088,-8.357752051483008,-0.7870925893725573
n_stem,europe_lau,alternative_decade,notyettreated,-40,-3.2499976232392593,1.6083883097882326,-6.402438710424195,-0.09755653605432357
n_stem,europe_lau,alternative_decade,notyettreated,-30,-2.1367113662657924,1.047758814827618,-4.190318643327924,-0.08310408920366097
n_stem,europe_lau,alternative_decade,notyettreated,-20,-1.957015350931853,1.1387558508086146,-4.188976818516737,0.2749461166530316
n_stem,europe_lau,alternative_decade,notyettreated,-10,0,NA,NA,NA
n_stem,europe_lau,alternative_decade,notyettreated,0,0.9179542382809097,0.8102953097561122,-0.6702245688410701,2.5061330454028896
n_stem,europe_lau,alternative_decade,notyettreated,10,2.2650976204723534,0.8273207112490311,0.6435490264242525,3.8866462145204546
n_stem,europe_lau,alternative_decade,notyettreated,20,2.811342227693387,1.3184764491865386,0.22712838728777163,5.395556068099003
n_stem,europe_lau,alternative_decade,notyettreated,30,2.7893469470446077,1.104897632025656,0.623747588274322,4.954946305814893
n_stem,europe_lau,alternative_decade,notyettreated,40,4.229821583269423,1.4895526024220127,1.3102984825222785,7.149344684016568
n_stem,europe_lau,alternative_decade,notyettreated,50,7.181162899128245,2.624350213196459,2.037436481263186,12.324889316993303
n_stem,europe_lau,alternative_decade,notyettreated,60,3.467320938874985,1.2334970227729054,1.0496667742400905,5.884975103509879
n_stem,europe_lau,alternative_decade,notyettreated,70,1.9258557667498066,1.7911391492756834,-1.5847769658305326,5.436488499330146
log1p_n_stem,europe_lau,alternative_decade,notyettreated,-70,-0.5465281485445346,0.11715249418293466,-0.7761470371430865,-0.3169092599459826
log1p_n_stem,europe_lau,alternative_decade,notyettreated,-60,-0.3498605843856904,0.12313479893651973,-0.591204790301269,-0.10851637847011175
log1p_n_stem,europe_lau,alternative_decade,notyettreated,-50,-0.3933902033500661,0.11590503342552348,-0.6205640688640921,-0.16621633783604006
log1p_n_stem,europe_lau,alternative_decade,notyettreated,-40,-0.15410658646652417,0.10626669317427996,-0.3623893050881129,0.05417613215506456
log1p_n_stem,europe_lau,alternative_decade,notyettreated,-30,-0.11227955921364298,0.11260474340059788,-0.3329848562788148,0.10842573785152886
log1p_n_stem,europe_lau,alternative_decade,notyettreated,-20,-0.09019856759310908,0.1111317201354901,-0.30801673905866966,0.12761960387245153
log1p_n_stem,europe_lau,alternative_decade,notyettreated,-10,0,NA,NA,NA
log1p_n_stem,europe_lau,alternative_decade,notyettreated,0,0.11991273769034856,0.09851941613736945,-0.07318531793889556,0.3130107933195927
log1p_n_stem,europe_lau,alternative_decade,notyettreated,10,0.26494290598272274,0.09591393772318968,0.07695158804527097,0.4529342239201745
log1p_n_stem,europe_lau,alternative_decade,notyettreated,20,0.2078439233918321,0.11453505198891145,-0.016644778506434338,0.4323326252900985
log1p_n_stem,europe_lau,alternative_decade,notyettreated,30,0.27395865647252765,0.10207087902761713,0.07389973357839807,0.4740175793666572
log1p_n_stem,europe_lau,alternative_decade,notyettreated,40,0.3623058007973813,0.09375222555564618,0.17855143870831477,0.5460601628864478
log1p_n_stem,europe_lau,alternative_decade,notyettreated,50,0.4299810850292295,0.10116646854751853,0.23169480667609318,0.6282673633823658
log1p_n_stem,europe_lau,alternative_decade,notyettreated,60,0.31303893825342777,0.09597563739304059,0.12492668896306822,0.5011511875437873
log1p_n_stem,europe_lau,alternative_decade,notyettreated,70,0.1311861944623385,0.12649714710135668,-0.11674821385632059,0.3791206027809976
