rank_panel,rank_within_decade,GEOID,decade,state_nhgis,county_nhgis,name_nhgis,population_nhgis,hyde_population,ratio_hyde_over_nhgis,pct_difference_hyde_vs_nhgis,log_ratio,abs_log_ratio
1,1,20009,1870,Kansas,Barton County,Barton,2,5125.750170707703,2562.8750853538513,256187.50853538513,7.848884987507157,7.848884987507157
2,1,48381,1880,Texas,Randall County,Randall,3,7648.397082567215,2549.4656941890717,254846.56941890717,7.84363908450708,7.84363908450708
3,2,20175,1880,Kansas,Seward County,Seward,5,5944.749975204468,1188.9499950408936,118794.99950408936,7.08082583949091,7.08082583949091
4,1,19167,1860,Iowa,Sioux County,Sioux,10,11505.264381408691,1150.5264381408692,114952.64381408693,7.047974888907931,7.047974888907931
5,3,27007,1880,Minnesota,Beltrami County,Beltrami,10,7803.977651178837,780.3977651178836,77939.77651178837,6.65980374497997,6.65980374497997
6,1,48279,1890,Texas,Lamb County,Lamb,4,2971.597382068634,742.8993455171585,74189.93455171585,6.610560565173604,6.610560565173604
7,2,27001,1860,Minnesota,Aitkin County,Aitkin,2,1405.187454342842,702.593727171421,70159.3727171421,6.554778811769414,6.554778811769414
8,2,48303,1890,Texas,Lubbock County,Lubbock,33,21154.359424591064,641.0411946845777,64004.11946845777,6.463093721134274,6.463093721134274
9,4,48303,1880,Texas,Lubbock County,Lubbock,25,14721.617568969728,588.8647027587891,58786.47027587891,6.378196450573604,6.378196450573604
10,2,20159,1870,Kansas,Rice County,Rice,5,2726.670301437378,545.3340602874756,54433.40602874756,6.301398561539187,6.301398561539187
11,3,20135,1870,Kansas,Ness County,Ness,2,1068.723307847977,534.3616539239885,53336.16539239885,6.281072864266137,6.281072864266137
12,3,55013,1860,Wisconsin,Burnett County,Burnett,12,6365.267282485962,530.4389402071635,52943.89402071635,6.273704852856953,6.273704852856953
13,4,19141,1860,Iowa,O'Brien County,O Brien,8,4119.448837280273,514.9311046600342,51393.11046600342,6.24403311435559,6.24403311435559
14,4,26129,1870,Michigan,Ogemaw County,Ogemaw,12,5801.952415466309,483.4960346221924,48249.60346221924,6.18104311345784,6.18104311345784
15,5,27159,1870,Minnesota,Wadena County,Wadena,6,2739.4770345687866,456.5795057614644,45557.95057614644,6.123762848641281,6.123762848641281
16,5,48153,1880,Texas,Floyd County,Floyd,3,1342.4246468544006,447.47488228480023,44647.488228480026,6.1036204071671065,6.1036204071671065
17,6,20067,1880,Kansas,Grant County,Grant,9,4022.1890144348145,446.90989049275714,44590.98904927571,6.1023569870275995,6.1023569870275995
18,7,48165,1880,Texas,Gaines County,Gaines,8,3241.2390384674072,405.1548798084259,40415.48798084259,6.004269413282987,6.004269413282987
19,8,48375,1880,Texas,Potter County,Potter,28,11113.561605930328,396.91291449751174,39591.291449751174,5.983716897676164,5.983716897676164
20,9,20071,1880,Kansas,Greeley County,Greeley,3,1187.5983591079712,395.86611970265704,39486.6119702657,5.981076072533079,5.981076072533079
21,3,48369,1890,Texas,Parmer County,Parmer,7,2715.109275817871,387.8727536882673,38687.27536882673,5.960677331422783,5.960677331422783
22,10,20187,1880,Kansas,Stanton County,Stanton,5,1923.2169523239136,384.6433904647827,38364.33904647827,5.952316646512237,5.952316646512237
23,11,48437,1880,Texas,Swisher County,Swisher,4,1322.5782651901245,330.6445662975311,32964.45662975311,5.801043980589395,5.801043980589395
24,5,26051,1860,Michigan,Gladwin County,Gladwin,14,4098.262189388275,292.73301352773393,29173.301352773393,5.679260976977929,5.679260976977929
25,6,20191,1870,Kansas,Sumner County,Sumner,22,5967.106943130493,271.2321337786588,27023.21337786588,5.6029750364316,5.6029750364316
26,12,20181,1880,Kansas,Sherman County,Sherman,13,3486.5261878967285,268.1943221459022,26719.432214590222,5.591711800399407,5.591711800399407
27,4,48341,1890,Texas,Moore County,Moore,15,3979.811168909073,265.3207445939382,26432.074459393818,5.580939451053004,5.580939451053004
28,13,20189,1880,Kansas,Stevens County,Stevens,12,2953.7787046432495,246.14822538693747,24514.82253869375,5.505933896700006,5.505933896700006
29,1,42105,1810,Pennsylvania,Potter County,Potter,29,6607.773414611816,227.85425567626953,22685.425567626953,5.4287061950701165,5.4287061950701165
30,5,48069,1890,Texas,Castro County,Castro,9,1881.0595409870148,209.00661566522388,20800.661566522387,5.34236590536443,5.34236590536443
31,1,19171,1850,Iowa,Tama County,Tama,8,1651.0629997253418,206.38287496566772,20538.287496566772,5.329733060037618,5.329733060037618
32,6,26133,1860,Michigan,Osceola County,Osceola,27,4778.337593078613,176.975466410319,17597.5466410319,5.176011115115568,5.176011115115568
33,6,48501,1890,Texas,Yoakum County,Yoakum,4,634.5409541130066,158.63523852825165,15763.523852825165,5.066607469440953,5.066607469440953
34,7,31111,1870,Nebraska,Lincoln County,Lincoln,17,2488.597562789917,146.38809192881865,14538.809192881865,4.986261258934967,4.986261258934967
35,7,26141,1860,Michigan,Presque Isle County,Presque Isle,26,3523.1076908111572,135.50414195427527,13450.414195427527,4.909002207780797,4.909002207780797
36,14,48305,1880,Texas,Lynn County,Lynn,9,1154.3400909900663,128.26001011000736,12726.001011000735,4.854059532545034,4.854059532545034
37,8,31001,1870,Nebraska,Adams County,Adams,19,2315.4369688034058,121.86510362123188,12086.510362123188,4.802914724964468,4.802914724964468
38,15,20203,1880,Kansas,Wichita County,Wichita,14,1583.172607421875,113.08375767299107,11208.375767299107,4.728128762490744,4.728128762490744
39,7,48445,1890,Texas,Terry County,Terry,21,2176.970085144043,103.66524214971633,10266.524214971634,4.641166882095647,4.641166882095647
40,8,27033,1860,Minnesota,Cottonwood County,Cottonwood,12,1238.005298614502,103.16710821787517,10216.710821787517,4.636350083426786,4.636350083426786
41,8,48169,1890,Texas,Garza County,Garza,14,1432.8151319026947,102.34393799304962,10134.393799304962,4.628339082146591,4.628339082146591
42,9,19021,1860,Iowa,Buena Vista County,Buena Vista,57,5794.0439529418945,101.6498939112613,10064.98939112613,4.621534496406928,4.621534496406928
43,16,27061,1880,Minnesota,Itasca County,Itasca,124,12059.032420635223,97.25026145673567,9625.026145673568,4.577287670996079,4.577287670996079
44,10,19041,1860,Iowa,Clay County,Clay,52,5019.828788757324,96.53516901456393,9553.516901456393,4.569907387697496,4.569907387697496
45,1,39161,1830,Ohio,Van Wert County,Van Wert,49,4706.053939819336,96.04191713917012,9504.191713917013,4.5647847330360545,4.5647847330360545
46,17,48087,1880,Texas,Collingsworth County,Collingsworth,6,573.4339590072632,95.57232650121053,9457.232650121052,4.559883306407663,4.559883306407663
47,9,48115,1890,Texas,Dawson County,Dawson,29,2555.894654273987,88.13429842324092,8713.429842324093,4.4788617695888115,4.4788617695888115
48,9,31129,1870,Nebraska,Nuckolls County,Nuckolls,8,658.8038682937622,82.35048353672028,8135.048353672028,4.410984328333433,4.410984328333433
49,18,48115,1880,Texas,Dawson County,Dawson,24,1924.3129348754885,80.17970561981203,7917.970561981203,4.384270435716127,4.384270435716127
50,19,48117,1880,Texas,Deaf Smith County,Deaf Smith,38,2954.814527273178,77.75827703350468,7675.827703350468,4.353605002415765,4.353605002415765
51,10,27155,1870,Minnesota,Traverse County,Traverse,13,985.011821269989,75.77014009769147,7477.0140097691465,4.327704284927866,4.327704284927866
52,11,19093,1860,Iowa,Ida County,Ida,43,3244.67679977417,75.45759999474814,7445.759999474813,4.323570909031012,4.323570909031012
53,10,48003,1890,Texas,Andrews County,Andrews,24,1809.4381487369535,75.39325619737306,7439.325619737307,4.322717830660741,4.322717830660741
54,2,26153,1850,Michigan,Schoolcraft County,Schoolcraft,16,1206.2237956523895,75.38898722827435,7438.8987228274345,4.322661206365958,4.322661206365958
55,20,48317,1880,Texas,Martin County,Martin,12,890.7006673812866,74.22505561510722,7322.505561510722,4.307101769926838,4.307101769926838
56,12,19035,1860,Iowa,Cherokee County,Cherokee,58,4290.374496459961,73.97197407689588,7297.197407689588,4.30368629277775,4.30368629277775
57,11,27061,1870,Minnesota,Itasca County,Itasca,96,7082.351477622986,73.77449455857277,7277.449455857277,4.301013069684867,4.301013069684867
58,21,20023,1880,Kansas,Cheyenne County,Cheyenne,37,2682.7857427597046,72.50772277728932,7150.772277728932,4.283693077253723,4.283693077253723
59,22,48227,1880,Texas,Howard County,Howard,50,3428.86263513565,68.577252702713,6757.725270271299,4.227960886487727,4.227960886487727
60,23,20171,1880,Kansas,Scott County,Scott,43,2857.491545677185,66.45329175993453,6545.329175993453,4.196499321327871,4.196499321327871
61,11,48495,1890,Texas,Winkler County,Winkler,18,1194.0119676589966,66.33399820327759,6533.399820327759,4.19470255917114,4.19470255917114
62,2,42083,1810,Pennsylvania,McKean County,Mckean,142,9236.131517410278,65.04317970007239,6404.317970007239,4.175051352422054,4.175051352422054
63,12,48233,1890,Texas,Hutchinson County,Hutchinson,58,3697.028120279312,63.74186414274676,6274.186414274676,4.1548415546039985,4.1548415546039985
64,13,48165,1890,Texas,Gaines County,Gaines,68,4293.313607215881,63.136964811998254,6213.696481199825,4.145306411210999,4.145306411210999
65,1,47157,1820,Tennessee,Shelby County,Shelby,354,21789.77294588089,61.55303092056749,6055.303092056749,4.119899094644172,4.119899094644172
66,14,48305,1890,Texas,Lynn County,Lynn,24,1474.493459701538,61.43722748756409,6043.722748756409,4.118015962293301,4.118015962293301
67,13,27061,1860,Minnesota,Itasca County,Itasca,51,2881.394231081009,56.49792609962763,5549.792609962763,4.034203931277426,4.034203931277426
68,12,27011,1870,Minnesota,Big Stone County,Big Stone,24,1352.5206565856934,56.35502735773722,5535.502735773722,4.031671453147517,4.031671453147517
69,24,48195,1880,Texas,Hansford County,Hansford,18,1009.937267780304,56.10762598779466,5510.762598779466,4.027271738901556,4.027271738901556
70,13,27007,1870,Minnesota,Beltrami County,Beltrami,80,4468.076178073883,55.850952225923535,5485.095222592354,4.022686575073062,4.022686575073062
71,15,48381,1890,Texas,Randall County,Randall,187,10433.125710248947,55.79211609758795,5479.211609758795,4.021632570831402,4.021632570831402
72,25,48233,1880,Texas,Hutchinson County,Hutchinson,50,2771.314774751663,55.426295495033266,5442.629549503326,4.015054129068332,4.015054129068332
73,14,19149,1860,Iowa,Plymouth County,Plymouth,148,8197.266220092773,55.38693391954577,5438.693391954577,4.0143437161086,4.0143437161086
74,26,48075,1880,Texas,Childress County,Childress,25,1367.3700013160706,54.69480005264282,5369.480005264282,4.001768641886176,4.001768641886176
75,16,48103,1890,Texas,Crane County,Crane,15,815.7939252853394,54.38626168568929,5338.626168568929,3.996111579425183,3.996111579425183
76,3,26111,1850,Michigan,Midland County,Midland,65,3329.679267883301,51.22583489051232,5022.5834890512315,3.9362439924892128,3.9362439924892128
77,14,31181,1870,Nebraska,Webster County,Webster,16,798.954372882843,49.93464830517769,4893.464830517769,3.9107151166178813,3.9107151166178813
78,17,48135,1890,Texas,Ector County,Ector,224,10808.4417617321,48.25197215058973,4725.197215058973,3.8764367005370444,3.8764367005370444
79,15,26135,1870,Michigan,Oscoda County,Oscoda,70,3257.567449569702,46.536677850995744,4553.667785099575,3.8402407726661134,3.8402407726661134
80,2,17073,1830,Illinois,Henry County,Henry,41,1822.3238143920896,44.44692230224609,4344.6922302246085,3.794295720018226,3.794295720018226
81,15,19063,1860,Iowa,Emmet County,Emmet,105,4662.202209472656,44.40192580450149,4340.192580450149,3.793282842472814,3.793282842472814
82,4,19013,1850,Iowa,Black Hawk County,Black Hawk,135,5919.751789093018,43.85001325254087,4285.001325254087,3.7807750210425675,3.7807750210425675
83,27,48045,1880,Texas,Briscoe County,Briscoe,12,515.7370147705078,42.978084564208984,4197.808456420898,3.760690324474632,3.760690324474632
84,16,27105,1860,Minnesota,Nobles County,Nobles,35,1486.9712390899658,42.48489254542759,4148.489254542759,3.7491485432167546,3.7491485432167546
85,2,42105,1820,Pennsylvania,Potter County,Potter,186,7875.350275039673,42.34059287655738,4134.059287655738,3.745746268361572,3.745746268361572
86,17,19147,1860,Iowa,Palo Alto County,Palo Alto,132,5569.113780975342,42.19025591647986,4119.025591647986,3.7421892919268065,3.7421892919268065
87,18,48301,1890,Texas,Loving County,Loving,3,126.4589593410492,42.152986447016396,4115.298644701639,3.7413055347734225,3.7413055347734225
88,16,19119,1870,Iowa,Lyon County,Lyon,221,9216.78535079956,41.70491108959077,4070.4911089590773,3.7306188938028186,3.7306188938028186
89,19,27007,1890,Minnesota,Beltrami County,Beltrami,312,12876.888543128967,41.27207866387489,4027.2078663874895,3.720186209927034,3.720186209927034
90,3,17131,1830,Illinois,Mercer County,Mercer,26,1060.5065956115725,40.78871521582971,3978.871521582971,3.708405455305332,3.708405455305332
91,4,39065,1830,Ohio,Hardin County,Hardin,210,8502.23405456543,40.48682883126395,3948.6828831263947,3.700976707176073,3.700976707176073
92,28,48179,1880,Texas,Gray County,Gray,56,2258.8831264972687,40.33719868745123,3933.7198687451228,3.697274087562793,3.697274087562793
93,29,31057,1880,Nebraska,Dundy County,Dundy,37,1479.081540107727,39.9751767596683,3897.51767596683,3.6882586804655464,3.6882586804655464
94,18,19151,1860,Iowa,Pocahontas County,Pocahontas,103,4073.6849784851074,39.55033959694279,3855.033959694279,3.6775742806987406,3.6775742806987406
95,3,42065,1810,Pennsylvania,Jefferson County,Jefferson,161,6319.219657897949,39.249811539738815,3824.9811539738816,3.6699466426815732,3.6699466426815732
96,17,26113,1870,Michigan,Missaukee County,Missaukee,130,5065.819219589233,38.96784015068641,3796.7840150686416,3.662736694429682,3.662736694429682
97,18,27027,1870,Minnesota,Clay County,Clay,92,3565.828043937683,38.75900047758351,3775.9000477583513,3.657362999218017,3.657362999218017
98,19,27101,1860,Minnesota,Murray County,Murray,29,1085.064504623413,37.41601740080735,3641.601740080735,3.6220988854867477,3.6220988854867477
99,19,20141,1870,Kansas,Osborne County,Osborne,33,1230.610324382782,37.291221950993396,3629.1221950993395,3.6187579625193123,3.6187579625193123
100,20,20173,1870,Kansas,Sedgwick County,Sedgwick,1095,39549.73212814331,36.11847682935462,3511.847682935462,3.586804557929678,3.586804557929678
105,5,26103,1850,Michigan,Marquette County,Marquette,136,4357.75857424736,32.04234245770118,3104.234245770118,3.4670582299428654,3.4670582299428654
106,1,26139,1840,Michigan,Ottawa County,Ottawa,208,6614.497627258301,31.800469361818752,3080.046936181875,3.4594810494828274,3.4594810494828274
109,1,42123,1800,Pennsylvania,Warren County,Warren,233,7186.053241729736,30.841430222016037,2984.143022201604,3.428858923171568,3.428858923171568
124,6,26105,1850,Michigan,Mason County,Mason,93,2346.2339935302734,25.228322511078208,2422.832251107821,3.2279672725740682,3.2279672725740682
128,2,18149,1840,Indiana,Starke County,Starke,149,3606.4166259765625,24.204138429372904,2320.4138429372906,3.1865236280204057,3.1865236280204057
136,5,39137,1830,Ohio,Putnam County,Putnam,230,5201.898910522461,22.616951784880264,2161.6951784880266,3.1186997040865974,3.1186997040865974
137,6,39125,1830,Ohio,Paulding County,Paulding,161,3630.1047592163086,22.547234529293842,2154.723452929384,3.1156124211462517,3.1156124211462517
149,7,55073,1850,Wisconsin,Marathon County,Marathon,508,10323.265907287598,20.321389581274797,1932.1389581274798,3.011674005277396,3.011674005277396
150,7,18141,1830,Indiana,St. Joseph County,St Joseph,287,5788.026065826416,20.16733820845441,1916.733820845441,3.0040643754070477,3.0040643754070477
170,8,39069,1830,Ohio,Henry County,Henry,262,4241.580337524414,16.189237929482495,1518.9237929482495,2.7843466961358954,2.7843466961358954
171,3,47065,1820,Tennessee,Hamilton County,Hamilton,821,13279.920528650284,16.175299060475375,1517.5299060475375,2.7834853292717083,2.7834853292717083
175,3,18089,1840,Indiana,Lake County,Lake,1468,23221.497512817383,15.818458796197127,1481.8458796197128,2.7611775363672746,2.7611775363672746
178,8,06045,1850,California,Mendocino County,Mendocino,55,856.2364223003387,15.56793495091525,1456.793495091525,2.7452133470507505,2.7452133470507505
181,4,42083,1820,Pennsylvania,McKean County,Mckean,728,11286.279928207396,15.503131769515653,1450.3131769515653,2.7410420531620914,2.7410420531620914
186,4,42033,1810,Pennsylvania,Clearfield County,Clearfield,875,13395.6400680542,15.309302934919085,1430.9302934919085,2.7284606785820613,2.7284606785820613
188,9,39003,1830,Ohio,Allen County,Allen,578,8814.7523193359375,15.250436538643491,1425.0436538643492,2.7246081281285384,2.7246081281285384
194,5,42065,1820,Pennsylvania,Jefferson County,Jefferson,561,7917.780448913574,14.113690639774642,1311.3690639774643,2.6471452936601327,2.6471452936601327
195,9,26063,1850,Michigan,Huron County,Huron,210,2934.9787788391113,13.976089423043387,1297.6089423043386,2.637347971140092,2.637347971140092
198,10,39171,1830,Ohio,Williams County,Williams,387,5375.469169616699,13.890101213479843,1289.0101213479843,2.6311764435273095,2.6311764435273095
203,10,26157,1850,Michigan,Tuscola County,Tuscola,291,3906.7205924987793,13.425156675253538,1242.5156675253538,2.5971303107367767,2.5971303107367767
227,5,42123,1810,Pennsylvania,Warren County,Warren,827,9142.872077941896,11.055468050715715,1005.5468050715715,2.402925151786365,2.402925151786365
281,6,39173,1820,Ohio,Wood County,Wood,733,6076.8106689453125,8.29032833416823,729.032833416823,2.115089574414561,2.115089574414561
298,4,17019,1840,Illinois,Champaign County,Champaign,1475,11382.331981658936,7.716835241802668,671.6835241802668,2.0434043372155006,2.0434043372155006
316,7,42033,1820,Pennsylvania,Clearfield County,Clearfield,2342,16590.95309829712,7.084096113705004,608.4096113705004,1.9578522875452327,1.9578522875452327
319,5,18127,1840,Indiana,Porter County,Porter,2162,15231.01773071289,7.044874066009663,604.4874066009663,1.9523002695357496,1.9523002695357496
322,6,28067,1840,Mississippi,Jones County,Jones,1258,8798.183547973633,6.993786604112586,599.3786604112586,1.945022126896407,1.945022126896407
329,2,42049,1800,Pennsylvania,Erie County,Erie,1468,10042.949127197266,6.841245999453178,584.1245999453178,1.922969878707419,1.922969878707419
335,8,36009,1820,New York,Cattaraugus County,Cattaraugus,4090,27445.22553253174,6.710324091083555,571.0324091083555,1.9036472495315864,1.9036472495315864
340,3,36101,1800,New York,Steuben County,Steuben,1788,11883.101417541504,6.646029875582497,564.6029875582497,1.8940196651950187,1.8940196651950187
341,7,51059,1840,Virginia,Fairfax County,Fairfax,9370,62256.2294921875,6.644208056796958,564.4208056796958,1.8937455062512558,1.8937455062512558
346,8,18099,1840,Indiana,Marshall County,Marshall,1651,10781.997436523438,6.530585970032367,553.0585970032366,1.876496674336258,1.876496674336258
348,6,36003,1810,New York,Allegany County,Allegany,1942,12676.032844543455,6.527308364852448,552.7308364852448,1.8759946630372395,1.8759946630372395
349,4,42121,1800,Pennsylvania,Venango County,Venango,1130,7364.103187561035,6.5169054757177305,551.6905475717731,1.8743996429820098,1.8743996429820098
352,9,01003,1840,Alabama,Baldwin County,Baldwin,2951,18916.86115455627,6.410322316013646,541.0322316013646,1.8579095529778766,1.8579095529778766
362,7,42021,1810,Pennsylvania,Cambria County,Cambria,2117,13323.916748046877,6.2937726726721195,529.3772672672119,1.8395606798889113,1.8395606798889113
364,5,50019,1800,Vermont,Orleans County,Orleans,1439,9032.227798461914,6.276739262308488,527.6739262308488,1.8368506198886845,1.8368506198886845
387,8,39035,1810,Ohio,Cuyahoga County,Cuyahoga,1459,8608.063232421875,5.899974799466673,489.9974799466673,1.7749480796257167,1.7749480796257167
391,10,17031,1840,Illinois,Cook County,Cook,10201,59717.69687271118,5.854102232399881,485.41022323998806,1.7671426518001372,1.7671426518001372
408,9,42123,1820,Pennsylvania,Warren County,Warren,1976,11187.359504699709,5.661619182540338,466.1619182540338,1.73370992595731,1.73370992595731
434,6,21071,1800,Kentucky,Floyd County,Floyd,478,2541.742141723633,5.317452179338144,431.7452179338144,1.670994274979536,1.670994274979536
444,10,42021,1820,Pennsylvania,Cambria County,Cambria,3287,17079.447647094727,5.196059521476948,419.6059521476948,1.6479005539923473,1.6479005539923473
476,7,51185,1800,Virginia,Tazewell County,Tazewell,2127,10563.139820098875,4.966215242171544,396.62152421715444,1.6026580293145372,1.6026580293145372
497,9,42117,1810,Pennsylvania,Tioga County,Tioga,1687,8023.6298542022705,4.756152847778465,375.6152847778465,1.559439116196579,1.559439116196579
500,10,36033,1810,New York,Franklin County,Franklin,2617,12415.817903518677,4.744294193167244,374.4294193167244,1.5569426735094236,1.5569426735094236
644,8,42039,1800,Pennsylvania,Crawford County,Crawford,2346,9001.439636230469,3.836930791232084,283.6930791232084,1.3446727738939293,1.3446727738939293
714,9,50009,1800,Vermont,Essex County,Essex,1479,5270.581371307373,3.563611474852855,256.3611474852855,1.2707744898762443,1.2707744898762443
834,10,42019,1800,Pennsylvania,Butler County,Butler,3916,12542.932418823242,3.2029960211499597,220.29960211499596,1.164086628400199,1.164086628400199
