outcome,g,decade,cohort_mean,n_obs,cohort_label
STEM births (count),0,1800,0.23333333333333334,60,Control (g = 0)
STEM births (count),0,1810,0.3,60,Control (g = 0)
STEM births (count),0,1820,0.26666666666666666,60,Control (g = 0)
STEM births (count),0,1830,0.43333333333333335,60,Control (g = 0)
STEM births (count),0,1840,0.6666666666666666,60,Control (g = 0)
STEM births (count),0,1850,0.8166666666666667,60,Control (g = 0)
STEM births (count),0,1860,0.7,60,Control (g = 0)
STEM births (count),0,1870,0.7,60,Control (g = 0)
STEM births (count),0,1880,1.2166666666666666,60,Control (g = 0)
STEM births (count),0,1890,1.1833333333333333,60,Control (g = 0)
STEM births (count),0,1900,1.8666666666666667,60,Control (g = 0)
STEM births (count),0,1910,2.966666666666667,60,Control (g = 0)
STEM births (count),0,1920,4.15,60,Control (g = 0)
STEM births (count),0,1930,4.333333333333333,60,Control (g = 0)
STEM births (count),0,1940,4.533333333333333,60,Control (g = 0)
STEM births (count),0,1950,3.3833333333333333,60,Control (g = 0)
STEM births (count),0,1960,2.1166666666666667,60,Control (g = 0)
STEM births (count),0,1970,0.9166666666666666,60,Control (g = 0)
STEM births (count),0,1980,0.3,60,Control (g = 0)
STEM births (count),0,1990,0.05,60,Control (g = 0)
STEM births (count),0,2000,0,60,Control (g = 0)
STEM births (count),1850,1800,0,4,Cohort 1850
STEM births (count),1850,1810,0,4,Cohort 1850
STEM births (count),1850,1820,0,4,Cohort 1850
STEM births (count),1850,1830,0,4,Cohort 1850
STEM births (count),1850,1840,0.25,4,Cohort 1850
STEM births (count),1850,1850,1,4,Cohort 1850
STEM births (count),1850,1860,1,4,Cohort 1850
STEM births (count),1850,1870,3.5,4,Cohort 1850
STEM births (count),1850,1880,2.5,4,Cohort 1850
STEM births (count),1850,1890,1.75,4,Cohort 1850
STEM births (count),1850,1900,3.75,4,Cohort 1850
STEM births (count),1850,1910,4,4,Cohort 1850
STEM births (count),1850,1920,7.5,4,Cohort 1850
STEM births (count),1850,1930,6,4,Cohort 1850
STEM births (count),1850,1940,7.75,4,Cohort 1850
STEM births (count),1850,1950,4.25,4,Cohort 1850
STEM births (count),1850,1960,1.5,4,Cohort 1850
STEM births (count),1850,1970,1.25,4,Cohort 1850
STEM births (count),1850,1980,0.5,4,Cohort 1850
STEM births (count),1850,1990,0.25,4,Cohort 1850
STEM births (count),1850,2000,0,4,Cohort 1850
STEM births (count),1860,1800,0,1,Cohort 1860
STEM births (count),1860,1810,0,1,Cohort 1860
STEM births (count),1860,1820,0,1,Cohort 1860
STEM births (count),1860,1830,0,1,Cohort 1860
STEM births (count),1860,1840,0,1,Cohort 1860
STEM births (count),1860,1850,0,1,Cohort 1860
STEM births (count),1860,1860,0,1,Cohort 1860
STEM births (count),1860,1870,0,1,Cohort 1860
STEM births (count),1860,1880,1,1,Cohort 1860
STEM births (count),1860,1890,0,1,Cohort 1860
STEM births (count),1860,1900,0,1,Cohort 1860
STEM births (count),1860,1910,0,1,Cohort 1860
STEM births (count),1860,1920,0,1,Cohort 1860
STEM births (count),1860,1930,0,1,Cohort 1860
STEM births (count),1860,1940,1,1,Cohort 1860
STEM births (count),1860,1950,0,1,Cohort 1860
STEM births (count),1860,1960,0,1,Cohort 1860
STEM births (count),1860,1970,0,1,Cohort 1860
STEM births (count),1860,1980,0,1,Cohort 1860
STEM births (count),1860,1990,0,1,Cohort 1860
STEM births (count),1860,2000,0,1,Cohort 1860
STEM births (count),1870,1800,0,1,Cohort 1870
STEM births (count),1870,1810,0,1,Cohort 1870
STEM births (count),1870,1820,0,1,Cohort 1870
STEM births (count),1870,1830,0,1,Cohort 1870
STEM births (count),1870,1840,1,1,Cohort 1870
STEM births (count),1870,1850,1,1,Cohort 1870
STEM births (count),1870,1860,1,1,Cohort 1870
STEM births (count),1870,1870,1,1,Cohort 1870
STEM births (count),1870,1880,3,1,Cohort 1870
STEM births (count),1870,1890,3,1,Cohort 1870
STEM births (count),1870,1900,14,1,Cohort 1870
STEM births (count),1870,1910,14,1,Cohort 1870
STEM births (count),1870,1920,13,1,Cohort 1870
STEM births (count),1870,1930,14,1,Cohort 1870
STEM births (count),1870,1940,24,1,Cohort 1870
STEM births (count),1870,1950,12,1,Cohort 1870
STEM births (count),1870,1960,5,1,Cohort 1870
STEM births (count),1870,1970,2,1,Cohort 1870
STEM births (count),1870,1980,0,1,Cohort 1870
STEM births (count),1870,1990,0,1,Cohort 1870
STEM births (count),1870,2000,0,1,Cohort 1870
STEM births (count),1890,1800,0,1,Cohort 1890
STEM births (count),1890,1810,0,1,Cohort 1890
STEM births (count),1890,1820,0,1,Cohort 1890
STEM births (count),1890,1830,1,1,Cohort 1890
STEM births (count),1890,1840,0,1,Cohort 1890
STEM births (count),1890,1850,0,1,Cohort 1890
STEM births (count),1890,1860,1,1,Cohort 1890
STEM births (count),1890,1870,1,1,Cohort 1890
STEM births (count),1890,1880,0,1,Cohort 1890
STEM births (count),1890,1890,2,1,Cohort 1890
STEM births (count),1890,1900,2,1,Cohort 1890
STEM births (count),1890,1910,12,1,Cohort 1890
STEM births (count),1890,1920,11,1,Cohort 1890
STEM births (count),1890,1930,2,1,Cohort 1890
STEM births (count),1890,1940,6,1,Cohort 1890
STEM births (count),1890,1950,5,1,Cohort 1890
STEM births (count),1890,1960,1,1,Cohort 1890
STEM births (count),1890,1970,1,1,Cohort 1890
STEM births (count),1890,1980,2,1,Cohort 1890
STEM births (count),1890,1990,0,1,Cohort 1890
STEM births (count),1890,2000,0,1,Cohort 1890
STEM births (count),1900,1800,0,2,Cohort 1900
STEM births (count),1900,1810,0,2,Cohort 1900
STEM births (count),1900,1820,0,2,Cohort 1900
STEM births (count),1900,1830,1,2,Cohort 1900
STEM births (count),1900,1840,0.5,2,Cohort 1900
STEM births (count),1900,1850,1,2,Cohort 1900
STEM births (count),1900,1860,3.5,2,Cohort 1900
STEM births (count),1900,1870,4.5,2,Cohort 1900
STEM births (count),1900,1880,4,2,Cohort 1900
STEM births (count),1900,1890,12,2,Cohort 1900
STEM births (count),1900,1900,14.5,2,Cohort 1900
STEM births (count),1900,1910,24.5,2,Cohort 1900
STEM births (count),1900,1920,30,2,Cohort 1900
STEM births (count),1900,1930,38,2,Cohort 1900
STEM births (count),1900,1940,34,2,Cohort 1900
STEM births (count),1900,1950,26,2,Cohort 1900
STEM births (count),1900,1960,7.5,2,Cohort 1900
STEM births (count),1900,1970,3,2,Cohort 1900
STEM births (count),1900,1980,0.5,2,Cohort 1900
STEM births (count),1900,1990,0.5,2,Cohort 1900
STEM births (count),1900,2000,0,2,Cohort 1900
STEM births (count),1910,1800,4,1,Cohort 1910
STEM births (count),1910,1810,5,1,Cohort 1910
STEM births (count),1910,1820,4,1,Cohort 1910
STEM births (count),1910,1830,15,1,Cohort 1910
STEM births (count),1910,1840,14,1,Cohort 1910
STEM births (count),1910,1850,25,1,Cohort 1910
STEM births (count),1910,1860,35,1,Cohort 1910
STEM births (count),1910,1870,27,1,Cohort 1910
STEM births (count),1910,1880,24,1,Cohort 1910
STEM births (count),1910,1890,36,1,Cohort 1910
STEM births (count),1910,1900,66,1,Cohort 1910
STEM births (count),1910,1910,128,1,Cohort 1910
STEM births (count),1910,1920,248,1,Cohort 1910
STEM births (count),1910,1930,204,1,Cohort 1910
STEM births (count),1910,1940,246,1,Cohort 1910
STEM births (count),1910,1950,116,1,Cohort 1910
STEM births (count),1910,1960,40,1,Cohort 1910
STEM births (count),1910,1970,17,1,Cohort 1910
STEM births (count),1910,1980,4,1,Cohort 1910
STEM births (count),1910,1990,0,1,Cohort 1910
STEM births (count),1910,2000,0,1,Cohort 1910
Any STEM birth (pp),0,1800,16.666666666666668,60,Control (g = 0)
Any STEM birth (pp),0,1810,21.666666666666668,60,Control (g = 0)
Any STEM birth (pp),0,1820,16.666666666666668,60,Control (g = 0)
Any STEM birth (pp),0,1830,26.666666666666668,60,Control (g = 0)
Any STEM birth (pp),0,1840,26.666666666666668,60,Control (g = 0)
Any STEM birth (pp),0,1850,38.333333333333336,60,Control (g = 0)
Any STEM birth (pp),0,1860,33.333333333333336,60,Control (g = 0)
Any STEM birth (pp),0,1870,38.333333333333336,60,Control (g = 0)
Any STEM birth (pp),0,1880,50,60,Control (g = 0)
Any STEM birth (pp),0,1890,56.666666666666664,60,Control (g = 0)
Any STEM birth (pp),0,1900,58.333333333333336,60,Control (g = 0)
Any STEM birth (pp),0,1910,68.33333333333333,60,Control (g = 0)
Any STEM birth (pp),0,1920,68.33333333333333,60,Control (g = 0)
Any STEM birth (pp),0,1930,56.666666666666664,60,Control (g = 0)
Any STEM birth (pp),0,1940,75,60,Control (g = 0)
Any STEM birth (pp),0,1950,68.33333333333333,60,Control (g = 0)
Any STEM birth (pp),0,1960,55,60,Control (g = 0)
Any STEM birth (pp),0,1970,48.333333333333336,60,Control (g = 0)
Any STEM birth (pp),0,1980,16.666666666666668,60,Control (g = 0)
Any STEM birth (pp),0,1990,5,60,Control (g = 0)
Any STEM birth (pp),0,2000,0,60,Control (g = 0)
Any STEM birth (pp),1850,1800,0,4,Cohort 1850
Any STEM birth (pp),1850,1810,0,4,Cohort 1850
Any STEM birth (pp),1850,1820,0,4,Cohort 1850
Any STEM birth (pp),1850,1830,0,4,Cohort 1850
Any STEM birth (pp),1850,1840,25,4,Cohort 1850
Any STEM birth (pp),1850,1850,25,4,Cohort 1850
Any STEM birth (pp),1850,1860,50,4,Cohort 1850
Any STEM birth (pp),1850,1870,75,4,Cohort 1850
Any STEM birth (pp),1850,1880,100,4,Cohort 1850
Any STEM birth (pp),1850,1890,75,4,Cohort 1850
Any STEM birth (pp),1850,1900,75,4,Cohort 1850
Any STEM birth (pp),1850,1910,75,4,Cohort 1850
Any STEM birth (pp),1850,1920,100,4,Cohort 1850
Any STEM birth (pp),1850,1930,100,4,Cohort 1850
Any STEM birth (pp),1850,1940,100,4,Cohort 1850
Any STEM birth (pp),1850,1950,100,4,Cohort 1850
Any STEM birth (pp),1850,1960,50,4,Cohort 1850
Any STEM birth (pp),1850,1970,50,4,Cohort 1850
Any STEM birth (pp),1850,1980,50,4,Cohort 1850
Any STEM birth (pp),1850,1990,25,4,Cohort 1850
Any STEM birth (pp),1850,2000,0,4,Cohort 1850
Any STEM birth (pp),1860,1800,0,1,Cohort 1860
Any STEM birth (pp),1860,1810,0,1,Cohort 1860
Any STEM birth (pp),1860,1820,0,1,Cohort 1860
Any STEM birth (pp),1860,1830,0,1,Cohort 1860
Any STEM birth (pp),1860,1840,0,1,Cohort 1860
Any STEM birth (pp),1860,1850,0,1,Cohort 1860
Any STEM birth (pp),1860,1860,0,1,Cohort 1860
Any STEM birth (pp),1860,1870,0,1,Cohort 1860
Any STEM birth (pp),1860,1880,100,1,Cohort 1860
Any STEM birth (pp),1860,1890,0,1,Cohort 1860
Any STEM birth (pp),1860,1900,0,1,Cohort 1860
Any STEM birth (pp),1860,1910,0,1,Cohort 1860
Any STEM birth (pp),1860,1920,0,1,Cohort 1860
Any STEM birth (pp),1860,1930,0,1,Cohort 1860
Any STEM birth (pp),1860,1940,100,1,Cohort 1860
Any STEM birth (pp),1860,1950,0,1,Cohort 1860
Any STEM birth (pp),1860,1960,0,1,Cohort 1860
Any STEM birth (pp),1860,1970,0,1,Cohort 1860
Any STEM birth (pp),1860,1980,0,1,Cohort 1860
Any STEM birth (pp),1860,1990,0,1,Cohort 1860
Any STEM birth (pp),1860,2000,0,1,Cohort 1860
Any STEM birth (pp),1870,1800,0,1,Cohort 1870
Any STEM birth (pp),1870,1810,0,1,Cohort 1870
Any STEM birth (pp),1870,1820,0,1,Cohort 1870
Any STEM birth (pp),1870,1830,0,1,Cohort 1870
Any STEM birth (pp),1870,1840,100,1,Cohort 1870
Any STEM birth (pp),1870,1850,100,1,Cohort 1870
Any STEM birth (pp),1870,1860,100,1,Cohort 1870
Any STEM birth (pp),1870,1870,100,1,Cohort 1870
Any STEM birth (pp),1870,1880,100,1,Cohort 1870
Any STEM birth (pp),1870,1890,100,1,Cohort 1870
Any STEM birth (pp),1870,1900,100,1,Cohort 1870
Any STEM birth (pp),1870,1910,100,1,Cohort 1870
Any STEM birth (pp),1870,1920,100,1,Cohort 1870
Any STEM birth (pp),1870,1930,100,1,Cohort 1870
Any STEM birth (pp),1870,1940,100,1,Cohort 1870
Any STEM birth (pp),1870,1950,100,1,Cohort 1870
Any STEM birth (pp),1870,1960,100,1,Cohort 1870
Any STEM birth (pp),1870,1970,100,1,Cohort 1870
Any STEM birth (pp),1870,1980,0,1,Cohort 1870
Any STEM birth (pp),1870,1990,0,1,Cohort 1870
Any STEM birth (pp),1870,2000,0,1,Cohort 1870
Any STEM birth (pp),1890,1800,0,1,Cohort 1890
Any STEM birth (pp),1890,1810,0,1,Cohort 1890
Any STEM birth (pp),1890,1820,0,1,Cohort 1890
Any STEM birth (pp),1890,1830,100,1,Cohort 1890
Any STEM birth (pp),1890,1840,0,1,Cohort 1890
Any STEM birth (pp),1890,1850,0,1,Cohort 1890
Any STEM birth (pp),1890,1860,100,1,Cohort 1890
Any STEM birth (pp),1890,1870,100,1,Cohort 1890
Any STEM birth (pp),1890,1880,0,1,Cohort 1890
Any STEM birth (pp),1890,1890,100,1,Cohort 1890
Any STEM birth (pp),1890,1900,100,1,Cohort 1890
Any STEM birth (pp),1890,1910,100,1,Cohort 1890
Any STEM birth (pp),1890,1920,100,1,Cohort 1890
Any STEM birth (pp),1890,1930,100,1,Cohort 1890
Any STEM birth (pp),1890,1940,100,1,Cohort 1890
Any STEM birth (pp),1890,1950,100,1,Cohort 1890
Any STEM birth (pp),1890,1960,100,1,Cohort 1890
Any STEM birth (pp),1890,1970,100,1,Cohort 1890
Any STEM birth (pp),1890,1980,100,1,Cohort 1890
Any STEM birth (pp),1890,1990,0,1,Cohort 1890
Any STEM birth (pp),1890,2000,0,1,Cohort 1890
Any STEM birth (pp),1900,1800,0,2,Cohort 1900
Any STEM birth (pp),1900,1810,0,2,Cohort 1900
Any STEM birth (pp),1900,1820,0,2,Cohort 1900
Any STEM birth (pp),1900,1830,50,2,Cohort 1900
Any STEM birth (pp),1900,1840,50,2,Cohort 1900
Any STEM birth (pp),1900,1850,50,2,Cohort 1900
Any STEM birth (pp),1900,1860,50,2,Cohort 1900
Any STEM birth (pp),1900,1870,50,2,Cohort 1900
Any STEM birth (pp),1900,1880,50,2,Cohort 1900
Any STEM birth (pp),1900,1890,50,2,Cohort 1900
Any STEM birth (pp),1900,1900,50,2,Cohort 1900
Any STEM birth (pp),1900,1910,100,2,Cohort 1900
Any STEM birth (pp),1900,1920,50,2,Cohort 1900
Any STEM birth (pp),1900,1930,100,2,Cohort 1900
Any STEM birth (pp),1900,1940,100,2,Cohort 1900
Any STEM birth (pp),1900,1950,50,2,Cohort 1900
Any STEM birth (pp),1900,1960,50,2,Cohort 1900
Any STEM birth (pp),1900,1970,50,2,Cohort 1900
Any STEM birth (pp),1900,1980,50,2,Cohort 1900
Any STEM birth (pp),1900,1990,50,2,Cohort 1900
Any STEM birth (pp),1900,2000,0,2,Cohort 1900
Any STEM birth (pp),1910,1800,100,1,Cohort 1910
Any STEM birth (pp),1910,1810,100,1,Cohort 1910
Any STEM birth (pp),1910,1820,100,1,Cohort 1910
Any STEM birth (pp),1910,1830,100,1,Cohort 1910
Any STEM birth (pp),1910,1840,100,1,Cohort 1910
Any STEM birth (pp),1910,1850,100,1,Cohort 1910
Any STEM birth (pp),1910,1860,100,1,Cohort 1910
Any STEM birth (pp),1910,1870,100,1,Cohort 1910
Any STEM birth (pp),1910,1880,100,1,Cohort 1910
Any STEM birth (pp),1910,1890,100,1,Cohort 1910
Any STEM birth (pp),1910,1900,100,1,Cohort 1910
Any STEM birth (pp),1910,1910,100,1,Cohort 1910
Any STEM birth (pp),1910,1920,100,1,Cohort 1910
Any STEM birth (pp),1910,1930,100,1,Cohort 1910
Any STEM birth (pp),1910,1940,100,1,Cohort 1910
Any STEM birth (pp),1910,1950,100,1,Cohort 1910
Any STEM birth (pp),1910,1960,100,1,Cohort 1910
Any STEM birth (pp),1910,1970,100,1,Cohort 1910
Any STEM birth (pp),1910,1980,100,1,Cohort 1910
Any STEM birth (pp),1910,1990,0,1,Cohort 1910
Any STEM birth (pp),1910,2000,0,1,Cohort 1910
"STEM births per 1,000 population",0,1800,0.03852723849852443,60,Control (g = 0)
"STEM births per 1,000 population",0,1810,0.013213032540231512,60,Control (g = 0)
"STEM births per 1,000 population",0,1820,0.04827720197966528,60,Control (g = 0)
"STEM births per 1,000 population",0,1830,0.022358683283831143,60,Control (g = 0)
"STEM births per 1,000 population",0,1840,0.020707763445466234,60,Control (g = 0)
"STEM births per 1,000 population",0,1850,0.02546135150458369,60,Control (g = 0)
"STEM births per 1,000 population",0,1860,0.00961173548210108,60,Control (g = 0)
"STEM births per 1,000 population",0,1870,0.013008725347020158,60,Control (g = 0)
"STEM births per 1,000 population",0,1880,0.015536335256110092,60,Control (g = 0)
"STEM births per 1,000 population",0,1890,0.01590879546647366,60,Control (g = 0)
"STEM births per 1,000 population",0,1900,0.013634277467531413,60,Control (g = 0)
"STEM births per 1,000 population",0,1910,0.021492158660667296,60,Control (g = 0)
"STEM births per 1,000 population",0,1920,0.016849122589649903,60,Control (g = 0)
"STEM births per 1,000 population",0,1930,0.014379585218684968,60,Control (g = 0)
"STEM births per 1,000 population",0,1940,0.013951854738536279,60,Control (g = 0)
"STEM births per 1,000 population",0,1950,0.009439293741253673,60,Control (g = 0)
"STEM births per 1,000 population",0,1960,0.0036430179606733565,60,Control (g = 0)
"STEM births per 1,000 population",0,1970,0.00310432841152446,60,Control (g = 0)
"STEM births per 1,000 population",0,1980,2.621066629923886e-4,60,Control (g = 0)
"STEM births per 1,000 population",0,1990,8.466815933741807e-5,60,Control (g = 0)
"STEM births per 1,000 population",0,2000,0,60,Control (g = 0)
"STEM births per 1,000 population",1850,1800,0,4,Cohort 1850
"STEM births per 1,000 population",1850,1810,0,4,Cohort 1850
"STEM births per 1,000 population",1850,1820,0,4,Cohort 1850
"STEM births per 1,000 population",1850,1830,0,4,Cohort 1850
"STEM births per 1,000 population",1850,1840,0.0072891029050491845,4,Cohort 1850
"STEM births per 1,000 population",1850,1850,0.028755463538072235,4,Cohort 1850
"STEM births per 1,000 population",1850,1860,0.016442735667790438,4,Cohort 1850
"STEM births per 1,000 population",1850,1870,0.06221031242181941,4,Cohort 1850
"STEM births per 1,000 population",1850,1880,0.017137528462038924,4,Cohort 1850
"STEM births per 1,000 population",1850,1890,0.008453621026913887,4,Cohort 1850
"STEM births per 1,000 population",1850,1900,0.014138570142244174,4,Cohort 1850
"STEM births per 1,000 population",1850,1910,0.012228372966679876,4,Cohort 1850
"STEM births per 1,000 population",1850,1920,0.020170119154695146,4,Cohort 1850
"STEM births per 1,000 population",1850,1930,0.016485985804286393,4,Cohort 1850
"STEM births per 1,000 population",1850,1940,0.017548093966084383,4,Cohort 1850
"STEM births per 1,000 population",1850,1950,0.00790785932545248,4,Cohort 1850
"STEM births per 1,000 population",1850,1960,0.002561862468033639,4,Cohort 1850
"STEM births per 1,000 population",1850,1970,0.0018047758078631258,4,Cohort 1850
"STEM births per 1,000 population",1850,1980,7.342065549139689e-4,4,Cohort 1850
"STEM births per 1,000 population",1850,1990,3.4405222299882456e-4,4,Cohort 1850
"STEM births per 1,000 population",1850,2000,0,4,Cohort 1850
"STEM births per 1,000 population",1860,1800,0,1,Cohort 1860
"STEM births per 1,000 population",1860,1810,0,1,Cohort 1860
"STEM births per 1,000 population",1860,1820,0,1,Cohort 1860
"STEM births per 1,000 population",1860,1830,0,1,Cohort 1860
"STEM births per 1,000 population",1860,1840,0,1,Cohort 1860
"STEM births per 1,000 population",1860,1850,0,1,Cohort 1860
"STEM births per 1,000 population",1860,1860,0,1,Cohort 1860
"STEM births per 1,000 population",1860,1870,0,1,Cohort 1860
"STEM births per 1,000 population",1860,1880,0.009053392168122624,1,Cohort 1860
"STEM births per 1,000 population",1860,1890,0,1,Cohort 1860
"STEM births per 1,000 population",1860,1900,0,1,Cohort 1860
"STEM births per 1,000 population",1860,1910,0,1,Cohort 1860
"STEM births per 1,000 population",1860,1920,0,1,Cohort 1860
"STEM births per 1,000 population",1860,1930,0,1,Cohort 1860
"STEM births per 1,000 population",1860,1940,0.0040381445659540376,1,Cohort 1860
"STEM births per 1,000 population",1860,1950,0,1,Cohort 1860
"STEM births per 1,000 population",1860,1960,0,1,Cohort 1860
"STEM births per 1,000 population",1860,1970,0,1,Cohort 1860
"STEM births per 1,000 population",1860,1980,0,1,Cohort 1860
"STEM births per 1,000 population",1860,1990,0,1,Cohort 1860
"STEM births per 1,000 population",1860,2000,0,1,Cohort 1860
"STEM births per 1,000 population",1870,1800,0,1,Cohort 1870
"STEM births per 1,000 population",1870,1810,0,1,Cohort 1870
"STEM births per 1,000 population",1870,1820,0,1,Cohort 1870
"STEM births per 1,000 population",1870,1830,0,1,Cohort 1870
"STEM births per 1,000 population",1870,1840,0.25590286886733554,1,Cohort 1870
"STEM births per 1,000 population",1870,1850,0.1283172403172017,1,Cohort 1870
"STEM births per 1,000 population",1870,1860,0.065951844848285,1,Cohort 1870
"STEM births per 1,000 population",1870,1870,0.040598472228741946,1,Cohort 1870
"STEM births per 1,000 population",1870,1880,0.08703830739504886,1,Cohort 1870
"STEM births per 1,000 population",1870,1890,0.0635561661066883,1,Cohort 1870
"STEM births per 1,000 population",1870,1900,0.2311924699890048,1,Cohort 1870
"STEM births per 1,000 population",1870,1910,0.19778832477151972,1,Cohort 1870
"STEM births per 1,000 population",1870,1920,0.16159514608579945,1,Cohort 1870
"STEM births per 1,000 population",1870,1930,0.14896026235626209,1,Cohort 1870
"STEM births per 1,000 population",1870,1940,0.2245765722772503,1,Cohort 1870
"STEM births per 1,000 population",1870,1950,0.09704746973363629,1,Cohort 1870
"STEM births per 1,000 population",1870,1960,0.03472207151878681,1,Cohort 1870
"STEM births per 1,000 population",1870,1970,0.011866655504593832,1,Cohort 1870
"STEM births per 1,000 population",1870,1980,0,1,Cohort 1870
"STEM births per 1,000 population",1870,1990,0,1,Cohort 1870
"STEM births per 1,000 population",1870,2000,0,1,Cohort 1870
"STEM births per 1,000 population",1890,1800,0,1,Cohort 1890
"STEM births per 1,000 population",1890,1810,0,1,Cohort 1890
"STEM births per 1,000 population",1890,1820,0,1,Cohort 1890
"STEM births per 1,000 population",1890,1830,0.06752999099885891,1,Cohort 1890
"STEM births per 1,000 population",1890,1840,0,1,Cohort 1890
"STEM births per 1,000 population",1890,1850,0,1,Cohort 1890
"STEM births per 1,000 population",1890,1860,0.021407277638175196,1,Cohort 1890
"STEM births per 1,000 population",1890,1870,0.016384982574635037,1,Cohort 1890
"STEM births per 1,000 population",1890,1880,0,1,Cohort 1890
"STEM births per 1,000 population",1890,1890,0.018226635251352066,1,Cohort 1890
"STEM births per 1,000 population",1890,1900,0.013222708845455044,1,Cohort 1890
"STEM births per 1,000 population",1890,1910,0.05582994373606569,1,Cohort 1890
"STEM births per 1,000 population",1890,1920,0.039774168598406885,1,Cohort 1890
"STEM births per 1,000 population",1890,1930,0.005313192790528703,1,Cohort 1890
"STEM births per 1,000 population",1890,1940,0.013364141391502243,1,Cohort 1890
"STEM births per 1,000 population",1890,1950,0.008713855607709192,1,Cohort 1890
"STEM births per 1,000 population",1890,1960,0.0014470573275274983,1,Cohort 1890
"STEM births per 1,000 population",1890,1970,0.0012046072916234545,1,Cohort 1890
"STEM births per 1,000 population",1890,1980,0.00227570298065176,1,Cohort 1890
"STEM births per 1,000 population",1890,1990,0,1,Cohort 1890
"STEM births per 1,000 population",1890,2000,0,1,Cohort 1890
"STEM births per 1,000 population",1900,1800,0,2,Cohort 1900
"STEM births per 1,000 population",1900,1810,0,2,Cohort 1900
"STEM births per 1,000 population",1900,1820,0,2,Cohort 1900
"STEM births per 1,000 population",1900,1830,0.054920095016055014,2,Cohort 1900
"STEM births per 1,000 population",1900,1840,0.008304791020963757,2,Cohort 1900
"STEM births per 1,000 population",1900,1850,0.008547421192943543,2,Cohort 1900
"STEM births per 1,000 population",1900,1860,0.013726578565726963,2,Cohort 1900
"STEM births per 1,000 population",1900,1870,0.011015504015916179,2,Cohort 1900
"STEM births per 1,000 population",1900,1880,0.007505648880350692,2,Cohort 1900
"STEM births per 1,000 population",1900,1890,0.016876687668766877,2,Cohort 1900
"STEM births per 1,000 population",1900,1900,0.015116695021329526,2,Cohort 1900
"STEM births per 1,000 population",1900,1910,0.027384958517868128,2,Cohort 1900
"STEM births per 1,000 population",1900,1920,0.020452670432741862,2,Cohort 1900
"STEM births per 1,000 population",1900,1930,0.026320054349402808,2,Cohort 1900
"STEM births per 1,000 population",1900,1940,0.02800001591326342,2,Cohort 1900
"STEM births per 1,000 population",1900,1950,0.010589857075623188,2,Cohort 1900
"STEM births per 1,000 population",1900,1960,0.0026044646427429803,2,Cohort 1900
"STEM births per 1,000 population",1900,1970,8.94226093890014e-4,2,Cohort 1900
"STEM births per 1,000 population",1900,1980,1.3725882594839672e-4,2,Cohort 1900
"STEM births per 1,000 population",1900,1990,1.2978932337451204e-4,2,Cohort 1900
"STEM births per 1,000 population",1900,2000,0,2,Cohort 1900
"STEM births per 1,000 population",1910,1800,0.438421993370794,1,Cohort 1910
"STEM births per 1,000 population",1910,1810,0.3010647224471387,1,Cohort 1910
"STEM births per 1,000 population",1910,1820,0.1490086667311304,1,Cohort 1910
"STEM births per 1,000 population",1910,1830,0.35342687855589777,1,Cohort 1910
"STEM births per 1,000 population",1910,1840,0.22991742795273734,1,Cohort 1910
"STEM births per 1,000 population",1910,1850,0.28389061800947074,1,Cohort 1910
"STEM births per 1,000 population",1910,1860,0.2800424264276038,1,Cohort 1910
"STEM births per 1,000 population",1910,1870,0.1689241040032862,1,Cohort 1910
"STEM births per 1,000 population",1910,1880,0.11522968892935265,1,Cohort 1910
"STEM births per 1,000 population",1910,1890,0.13071876142158015,1,Cohort 1910
"STEM births per 1,000 population",1910,1900,0.17748722461747807,1,Cohort 1910
"STEM births per 1,000 population",1910,1910,0.24719009853989468,1,Cohort 1910
"STEM births per 1,000 population",1910,1920,0.37958665615150405,1,Cohort 1910
"STEM births per 1,000 population",1910,1930,0.23395654128225532,1,Cohort 1910
"STEM births per 1,000 population",1910,1940,0.2415192295880201,1,Cohort 1910
"STEM births per 1,000 population",1910,1950,0.09081928586681626,1,Cohort 1910
"STEM births per 1,000 population",1910,1960,0.026465622768772252,1,Cohort 1910
"STEM births per 1,000 population",1910,1970,0.009528113855916282,1,Cohort 1910
"STEM births per 1,000 population",1910,1980,0.002154699476993836,1,Cohort 1910
"STEM births per 1,000 population",1910,1990,0,1,Cohort 1910
"STEM births per 1,000 population",1910,2000,0,1,Cohort 1910
"STEM births per 1,000 est. births",0,1800,0.06826678552093672,60,Control (g = 0)
"STEM births per 1,000 est. births",0,1810,0.02536024680740045,60,Control (g = 0)
"STEM births per 1,000 est. births",0,1820,0.08016196986812757,60,Control (g = 0)
"STEM births per 1,000 est. births",0,1830,0.03798714169504951,60,Control (g = 0)
"STEM births per 1,000 est. births",0,1840,0.03606858218879578,60,Control (g = 0)
"STEM births per 1,000 est. births",0,1850,0.04733898835181285,60,Control (g = 0)
"STEM births per 1,000 est. births",0,1860,0.019710939998464627,60,Control (g = 0)
"STEM births per 1,000 est. births",0,1870,0.0272542061239958,60,Control (g = 0)
"STEM births per 1,000 est. births",0,1880,0.03639513902467955,60,Control (g = 0)
"STEM births per 1,000 est. births",0,1890,0.04191999780034898,60,Control (g = 0)
"STEM births per 1,000 est. births",0,1900,0.03953816858860411,60,Control (g = 0)
"STEM births per 1,000 est. births",0,1910,0.06714769365183978,60,Control (g = 0)
"STEM births per 1,000 est. births",0,1920,0.06140582362086915,60,Control (g = 0)
"STEM births per 1,000 est. births",0,1930,0.060569046366334416,60,Control (g = 0)
"STEM births per 1,000 est. births",0,1940,0.05324920790403739,60,Control (g = 0)
"STEM births per 1,000 est. births",0,1950,0.03564869183419014,60,Control (g = 0)
"STEM births per 1,000 est. births",0,1960,0.016181697091202464,60,Control (g = 0)
"STEM births per 1,000 est. births",0,1970,0.01872076649717674,60,Control (g = 0)
"STEM births per 1,000 est. births",0,1980,0.0015817907905224225,60,Control (g = 0)
"STEM births per 1,000 est. births",0,1990,5.232074333797969e-4,60,Control (g = 0)
"STEM births per 1,000 est. births",0,2000,0,60,Control (g = 0)
"STEM births per 1,000 est. births",1850,1800,0,4,Cohort 1850
"STEM births per 1,000 est. births",1850,1810,0,4,Cohort 1850
"STEM births per 1,000 est. births",1850,1820,0,4,Cohort 1850
"STEM births per 1,000 est. births",1850,1830,0,4,Cohort 1850
"STEM births per 1,000 est. births",1850,1840,0.01269608897676092,4,Cohort 1850
"STEM births per 1,000 est. births",1850,1850,0.053463562342113705,4,Cohort 1850
"STEM births per 1,000 est. births",1850,1860,0.03371938155830152,4,Cohort 1850
"STEM births per 1,000 est. births",1850,1870,0.13033503533617305,4,Cohort 1850
"STEM births per 1,000 est. births",1850,1880,0.04014606537729116,4,Cohort 1850
"STEM births per 1,000 est. births",1850,1890,0.02227546237551603,4,Cohort 1850
"STEM births per 1,000 est. births",1850,1900,0.041000571626702266,4,Cohort 1850
"STEM births per 1,000 est. births",1850,1910,0.03820495906396615,4,Cohort 1850
"STEM births per 1,000 est. births",1850,1920,0.0735090371997145,4,Cohort 1850
"STEM births per 1,000 est. births",1850,1930,0.06944153279727712,4,Cohort 1850
"STEM births per 1,000 est. births",1850,1940,0.0669747586561845,4,Cohort 1850
"STEM births per 1,000 est. births",1850,1950,0.02986503523342427,4,Cohort 1850
"STEM births per 1,000 est. births",1850,1960,0.01137937910121594,4,Cohort 1850
"STEM births per 1,000 est. births",1850,1970,0.01088376679262721,4,Cohort 1850
"STEM births per 1,000 est. births",1850,1980,0.00443087235419817,4,Cohort 1850
"STEM births per 1,000 est. births",1850,1990,0.0021260729175232584,4,Cohort 1850
"STEM births per 1,000 est. births",1850,2000,0,4,Cohort 1850
"STEM births per 1,000 est. births",1860,1800,0,1,Cohort 1860
"STEM births per 1,000 est. births",1860,1810,0,1,Cohort 1860
"STEM births per 1,000 est. births",1860,1820,0,1,Cohort 1860
"STEM births per 1,000 est. births",1860,1830,0,1,Cohort 1860
"STEM births per 1,000 est. births",1860,1840,0,1,Cohort 1860
"STEM births per 1,000 est. births",1860,1850,0,1,Cohort 1860
"STEM births per 1,000 est. births",1860,1860,0,1,Cohort 1860
"STEM births per 1,000 est. births",1860,1870,0,1,Cohort 1860
"STEM births per 1,000 est. births",1860,1880,0.021208313361684387,1,Cohort 1860
"STEM births per 1,000 est. births",1860,1890,0,1,Cohort 1860
"STEM births per 1,000 est. births",1860,1900,0,1,Cohort 1860
"STEM births per 1,000 est. births",1860,1910,0,1,Cohort 1860
"STEM births per 1,000 est. births",1860,1920,0,1,Cohort 1860
"STEM births per 1,000 est. births",1860,1930,0,1,Cohort 1860
"STEM births per 1,000 est. births",1860,1940,0.015412144375694988,1,Cohort 1860
"STEM births per 1,000 est. births",1860,1950,0,1,Cohort 1860
"STEM births per 1,000 est. births",1860,1960,0,1,Cohort 1860
"STEM births per 1,000 est. births",1860,1970,0,1,Cohort 1860
"STEM births per 1,000 est. births",1860,1980,0,1,Cohort 1860
"STEM births per 1,000 est. births",1860,1990,0,1,Cohort 1860
"STEM births per 1,000 est. births",1860,2000,0,1,Cohort 1860
"STEM births per 1,000 est. births",1870,1800,0,1,Cohort 1870
"STEM births per 1,000 est. births",1870,1810,0,1,Cohort 1870
"STEM births per 1,000 est. births",1870,1820,0,1,Cohort 1870
"STEM births per 1,000 est. births",1870,1830,0,1,Cohort 1870
"STEM births per 1,000 est. births",1870,1840,0.44572914319778706,1,Cohort 1870
"STEM births per 1,000 est. births",1870,1850,0.23857368072622673,1,Cohort 1870
"STEM births per 1,000 est. births",1870,1860,0.13524850522711493,1,Cohort 1870
"STEM births per 1,000 est. births",1870,1870,0.08505669086901797,1,Cohort 1870
"STEM births per 1,000 est. births",1870,1880,0.20389437057685683,1,Cohort 1870
"STEM births per 1,000 est. births",1870,1890,0.16747178307783914,1,Cohort 1870
"STEM births per 1,000 est. births",1870,1900,0.6704372033361663,1,Cohort 1870
"STEM births per 1,000 est. births",1870,1910,0.6179476919633091,1,Cohort 1870
"STEM births per 1,000 est. births",1870,1920,0.5889258022627614,1,Cohort 1870
"STEM births per 1,000 est. births",1870,1930,0.6274437614288074,1,Cohort 1870
"STEM births per 1,000 est. births",1870,1940,0.8571279454721429,1,Cohort 1870
"STEM births per 1,000 est. births",1870,1950,0.3665120968428309,1,Cohort 1870
"STEM births per 1,000 est. births",1870,1960,0.15422983080550745,1,Cohort 1870
"STEM births per 1,000 est. births",1870,1970,0.07156230184255677,1,Cohort 1870
"STEM births per 1,000 est. births",1870,1980,0,1,Cohort 1870
"STEM births per 1,000 est. births",1870,1990,0,1,Cohort 1870
"STEM births per 1,000 est. births",1870,2000,0,1,Cohort 1870
"STEM births per 1,000 est. births",1890,1800,0,1,Cohort 1890
"STEM births per 1,000 est. births",1890,1810,0,1,Cohort 1890
"STEM births per 1,000 est. births",1890,1820,0,1,Cohort 1890
"STEM births per 1,000 est. births",1890,1830,0.11473266579137814,1,Cohort 1890
"STEM births per 1,000 est. births",1890,1840,0,1,Cohort 1890
"STEM births per 1,000 est. births",1890,1850,0,1,Cohort 1890
"STEM births per 1,000 est. births",1890,1860,0.04390024734266896,1,Cohort 1890
"STEM births per 1,000 est. births",1890,1870,0.03432770548341801,1,Cohort 1890
"STEM births per 1,000 est. births",1890,1880,0,1,Cohort 1890
"STEM births per 1,000 est. births",1890,1890,0.0480275525104732,1,Cohort 1890
"STEM births per 1,000 est. births",1890,1900,0.03834465689690013,1,Cohort 1890
"STEM births per 1,000 est. births",1890,1910,0.17442882391565198,1,Cohort 1890
"STEM births per 1,000 est. births",1890,1920,0.14495506033772848,1,Cohort 1890
"STEM births per 1,000 est. births",1890,1930,0.022379993274398297,1,Cohort 1890
"STEM births per 1,000 est. births",1890,1940,0.05100611759162518,1,Cohort 1890
"STEM births per 1,000 est. births",1890,1950,0.032908982574537136,1,Cohort 1890
"STEM births per 1,000 est. births",1890,1960,0.006427594812990401,1,Cohort 1890
"STEM births per 1,000 est. births",1890,1970,0.0072644285132850515,1,Cohort 1890
"STEM births per 1,000 est. births",1890,1980,0.013733668483139297,1,Cohort 1890
"STEM births per 1,000 est. births",1890,1990,0,1,Cohort 1890
"STEM births per 1,000 est. births",1890,2000,0,1,Cohort 1890
"STEM births per 1,000 est. births",1900,1800,0,2,Cohort 1900
"STEM births per 1,000 est. births",1900,1810,0,2,Cohort 1900
"STEM births per 1,000 est. births",1900,1820,0,2,Cohort 1900
"STEM births per 1,000 est. births",1900,1830,0.0933085998310624,2,Cohort 1900
"STEM births per 1,000 est. births",1900,1840,0.01446520471847414,2,Cohort 1900
"STEM births per 1,000 est. births",1900,1850,0.015891782972241267,2,Cohort 1900
"STEM births per 1,000 est. births",1900,1860,0.02814931465780526,2,Cohort 1900
"STEM births per 1,000 est. births",1900,1870,0.02307826547189365,2,Cohort 1900
"STEM births per 1,000 est. births",1900,1880,0.017582597824243176,2,Cohort 1900
"STEM births per 1,000 est. births",1900,1890,0.04447041332845182,2,Cohort 1900
"STEM births per 1,000 est. births",1900,1900,0.0438370451004218,2,Cohort 1900
"STEM births per 1,000 est. births",1900,1910,0.08555849760179729,2,Cohort 1900
"STEM births per 1,000 est. births",1900,1920,0.07453878185563181,2,Cohort 1900
"STEM births per 1,000 est. births",1900,1930,0.1108641569286663,2,Cohort 1900
"STEM births per 1,000 est. births",1900,1940,0.10686598281184093,2,Cohort 1900
"STEM births per 1,000 est. births",1900,1950,0.0399939404160199,2,Cohort 1900
"STEM births per 1,000 est. births",1900,1960,0.011568611077015924,2,Cohort 1900
"STEM births per 1,000 est. births",1900,1970,0.005392663301102379,2,Cohort 1900
"STEM births per 1,000 est. births",1900,1980,8.283450116237562e-4,2,Cohort 1900
"STEM births per 1,000 est. births",1900,1990,8.020339557903719e-4,2,Cohort 1900
"STEM births per 1,000 est. births",1900,2000,0,2,Cohort 1900
"STEM births per 1,000 est. births",1910,1800,0.7768441589773383,1,Cohort 1910
"STEM births per 1,000 est. births",1910,1810,0.5778443096248649,1,Cohort 1910
"STEM births per 1,000 est. births",1910,1820,0.24742171796994342,1,Cohort 1910
"STEM births per 1,000 est. births",1910,1830,0.600468137774948,1,Cohort 1910
"STEM births per 1,000 est. births",1910,1840,0.40046795341220043,1,Cohort 1910
"STEM births per 1,000 est. births",1910,1850,0.5278233033592074,1,Cohort 1910
"STEM births per 1,000 est. births",1910,1860,0.574287492057815,1,Cohort 1910
"STEM births per 1,000 est. births",1910,1870,0.3539080291883828,1,Cohort 1910
"STEM births per 1,000 est. births",1910,1880,0.2699349929839497,1,Cohort 1910
"STEM births per 1,000 est. births",1910,1890,0.34444658005724044,1,Cohort 1910
"STEM births per 1,000 est. births",1910,1900,0.5146968606118493,1,Cohort 1910
"STEM births per 1,000 est. births",1910,1910,0.7722930615109087,1,Cohort 1910
"STEM births per 1,000 est. births",1910,1920,1.3833854630978195,1,Cohort 1910
"STEM births per 1,000 est. births",1910,1930,0.9854612898165408,1,Cohort 1910
"STEM births per 1,000 est. births",1910,1940,0.9217919703272849,1,Cohort 1910
"STEM births per 1,000 est. births",1910,1950,0.34299056933864996,1,Cohort 1910
"STEM births per 1,000 est. births",1910,1960,0.11755601965112097,1,Cohort 1910
"STEM births per 1,000 est. births",1910,1970,0.05745964054348494,1,Cohort 1910
"STEM births per 1,000 est. births",1910,1980,0.013003422920047266,1,Cohort 1910
"STEM births per 1,000 est. births",1910,1990,0,1,Cohort 1910
"STEM births per 1,000 est. births",1910,2000,0,1,Cohort 1910
County population,0,1800,10278.09108397166,60,Control (g = 0)
County population,0,1810,12813.426052220662,60,Control (g = 0)
County population,0,1820,16031.807136090596,60,Control (g = 0)
County population,0,1830,20539.113071695963,60,Control (g = 0)
County population,0,1840,26278.589678700766,60,Control (g = 0)
County population,0,1850,34801.73234710693,60,Control (g = 0)
County population,0,1860,46759.9580464681,60,Control (g = 0)
County population,0,1870,58358.3414855957,60,Control (g = 0)
County population,0,1880,77591.9904296875,60,Control (g = 0)
County population,0,1890,101156.96488444011,60,Control (g = 0)
County population,0,1900,128209.8711751302,60,Control (g = 0)
County population,0,1910,162623.86711425782,60,Control (g = 0)
County population,0,1920,202889.1020019531,60,Control (g = 0)
County population,0,1930,249737.04466145832,60,Control (g = 0)
County population,0,1940,278593.0684326172,60,Control (g = 0)
County population,0,1950,356358.0692545573,60,Control (g = 0)
County population,0,1960,431505.672265625,60,Control (g = 0)
County population,0,1970,513757.1357584635,60,Control (g = 0)
County population,0,1980,597501.226969401,60,Control (g = 0)
County population,0,1990,691988.5836263021,60,Control (g = 0)
County population,0,2000,808173.0926920573,60,Control (g = 0)
County population,1850,1800,2378.470640182495,4,Cohort 1850
County population,1850,1810,4697.5689907073975,4,Cohort 1850
County population,1850,1820,8295.85493850708,4,Cohort 1850
County population,1850,1830,12989.92611694336,4,Cohort 1850
County population,1850,1840,19974.664360046387,4,Cohort 1850
County population,1850,1850,37610.62683105469,4,Cohort 1850
County population,1850,1860,53942.206787109375,4,Cohort 1850
County population,1850,1870,90956.459716796875,4,Cohort 1850
County population,1850,1880,136416.1201171875,4,Cohort 1850
County population,1850,1890,185159.765625,4,Cohort 1850
County population,1850,1900,217862.2109375,4,Cohort 1850
County population,1850,1910,258330.296875,4,Cohort 1850
County population,1850,1920,304776.45703125,4,Cohort 1850
County population,1850,1930,365795.3828125,4,Cohort 1850
County population,1850,1940,388654.5234375,4,Cohort 1850
County population,1850,1950,468212.9453125,4,Cohort 1850
County population,1850,1960,493770.3984375,4,Cohort 1850
County population,1850,1970,533055.390625,4,Cohort 1850
County population,1850,1980,574680.8984375,4,Cohort 1850
County population,1850,1990,612354.5546875,4,Cohort 1850
County population,1850,2000,690064.8828125,4,Cohort 1850
County population,1860,1800,31323.498046875,1,Cohort 1860
County population,1860,1810,36153.56640625,1,Cohort 1860
County population,1860,1820,40005.859375,1,Cohort 1860
County population,1860,1830,45460.3046875,1,Cohort 1860
County population,1860,1840,49494.5,1,Cohort 1860
County population,1860,1850,63309.37109375,1,Cohort 1860
County population,1860,1860,76834.5390625,1,Cohort 1860
County population,1860,1870,89883.90625,1,Cohort 1860
County population,1860,1880,110455.8359375,1,Cohort 1860
County population,1860,1890,126592.9140625,1,Cohort 1860
County population,1860,1900,148062.296875,1,Cohort 1860
County population,1860,1910,165780.9375,1,Cohort 1860
County population,1860,1920,189839.015625,1,Cohort 1860
County population,1860,1930,218061.359375,1,Cohort 1860
County population,1860,1940,247638.484375,1,Cohort 1860
County population,1860,1950,337313.25,1,Cohort 1860
County population,1860,1960,434101.625,1,Cohort 1860
County population,1860,1970,557296.5625,1,Cohort 1860
County population,1860,1980,609063.25,1,Cohort 1860
County population,1860,1990,703207.4375,1,Cohort 1860
County population,1860,2000,787680.0625,1,Cohort 1860
County population,1870,1800,116.65541076660156,1,Cohort 1870
County population,1870,1810,140.5218048095703,1,Cohort 1870
County population,1870,1820,531.18975830078125,1,Cohort 1870
County population,1870,1830,1262.0579833984375,1,Cohort 1870
County population,1870,1840,3907.732666015625,1,Cohort 1870
County population,1870,1850,7793.18505859375,1,Cohort 1870
County population,1870,1860,15162.578125,1,Cohort 1870
County population,1870,1870,24631.46875,1,Cohort 1870
County population,1870,1880,34467.58203125,1,Cohort 1870
County population,1870,1890,47202.34375,1,Cohort 1870
County population,1870,1900,60555.60546875,1,Cohort 1870
County population,1870,1910,70782.7421875,1,Cohort 1870
County population,1870,1920,80447.9609375,1,Cohort 1870
County population,1870,1930,93984.796875,1,Cohort 1870
County population,1870,1940,106867.78125,1,Cohort 1870
County population,1870,1950,123650.828125,1,Cohort 1870
County population,1870,1960,144000.625,1,Cohort 1870
County population,1870,1970,168539.484375,1,Cohort 1870
County population,1870,1980,190901.296875,1,Cohort 1870
County population,1870,1990,213812.359375,1,Cohort 1870
County population,1870,2000,250194.421875,1,Cohort 1870
County population,1890,1800,2971.62939453125,1,Cohort 1890
County population,1890,1810,5529.33984375,1,Cohort 1890
County population,1890,1820,9147.484375,1,Cohort 1890
County population,1890,1830,14808.2353515625,1,Cohort 1890
County population,1890,1840,21750.20703125,1,Cohort 1890
County population,1890,1850,32186.08203125,1,Cohort 1890
County population,1890,1860,46713.0859375,1,Cohort 1890
County population,1890,1870,61031.49609375,1,Cohort 1890
County population,1890,1880,81258.078125,1,Cohort 1890
County population,1890,1890,109729.5234375,1,Cohort 1890
County population,1890,1900,151254.9375,1,Cohort 1890
County population,1890,1910,214938.421875,1,Cohort 1890
County population,1890,1920,276561.40625,1,Cohort 1890
County population,1890,1930,376421.5,1,Cohort 1890
County population,1890,1940,448962.625,1,Cohort 1890
County population,1890,1950,573798.8125,1,Cohort 1890
County population,1890,1960,691057.625,1,Cohort 1890
County population,1890,1970,830146.0625,1,Cohort 1890
County population,1890,1980,878849.3125,1,Cohort 1890
County population,1890,1990,985354.8125,1,Cohort 1890
County population,1890,2000,1131454.25,1,Cohort 1890
County population,1900,1800,1504.8167114257813,2,Cohort 1900
County population,1900,1810,1757.1572265625,2,Cohort 1900
County population,1900,1820,3786.6637573242188,2,Cohort 1900
County population,1900,1830,10123.548217773438,2,Cohort 1900
County population,1900,1840,31320.76611328125,2,Cohort 1900
County population,1900,1850,59942.33337402344,2,Cohort 1900
County population,1900,1860,129227.64416503906,2,Cohort 1900
County population,1900,1870,210061.7900390625,2,Cohort 1900
County population,1900,1880,282916.583984375,2,Cohort 1900
County population,1900,1890,380723.591796875,2,Cohort 1900
County population,1900,1900,507440.47265625,2,Cohort 1900
County population,1900,1910,632814.6171875,2,Cohort 1900
County population,1900,1920,771201.3984375,2,Cohort 1900
County population,1900,1930,959716.0859375,2,Cohort 1900
County population,1900,1940,1049893.5078125,2,Cohort 1900
County population,1900,1950,1277531.0078125,2,Cohort 1900
County population,1900,1960,1497222.48828125,2,Cohort 1900
County population,1900,1970,1739454.05078125,2,Cohort 1900
County population,1900,1980,1889406.6875,2,Cohort 1900
County population,1900,1990,2000502.0390625,2,Cohort 1900
County population,1900,2000,2290096.5,2,Cohort 1900
County population,1910,1800,9123.6298828125,1,Cohort 1910
County population,1910,1810,16607.724609375,1,Cohort 1910
County population,1910,1820,26844.076171875,1,Cohort 1910
County population,1910,1830,42441.59375,1,Cohort 1910
County population,1910,1840,60891.42578125,1,Cohort 1910
County population,1910,1850,88062.0859375,1,Cohort 1910
County population,1910,1860,124981.0625,1,Cohort 1910
County population,1910,1870,159835.09375,1,Cohort 1910
County population,1910,1880,208279.65625,1,Cohort 1910
County population,1910,1890,275400.40625,1,Cohort 1910
County population,1910,1900,371857.75,1,Cohort 1910
County population,1910,1910,517820.09375,1,Cohort 1910
County population,1910,1920,653342.25,1,Cohort 1910
County population,1910,1930,871956.8125,1,Cohort 1910
County population,1910,1940,1018552.4375,1,Cohort 1910
County population,1910,1950,1277261.75,1,Cohort 1910
County population,1910,1960,1511394.625,1,Cohort 1910
County population,1910,1970,1784193.625,1,Cohort 1910
County population,1910,1980,1856407.375,1,Cohort 1910
County population,1910,1990,2044477.125,1,Cohort 1910
County population,1910,2000,2306907.5,1,Cohort 1910
