spec,outcome,estimator,conf_low,conf_high,event_time,att,se
High access only (not-yet-treated controls),STEM births (count),Wooldridge ETWFE,3.9469946097072026,8.053005390297134,-50,6.000000000002168,1.0474517297423294
High access only (not-yet-treated controls),STEM births (count),Wooldridge ETWFE,1.8068306381881587,3.859836028482829,-40,2.833333333335494,0.5237258648710894
High access only (not-yet-treated controls),STEM births (count),Wooldridge ETWFE,-7.513251347572207,-6.486748652424978,-30,-6.999999999998592,0.26186293243551767
High access only (not-yet-treated controls),STEM births (count),Wooldridge ETWFE,3.4867486524290614,4.513251347575818,-20,4.00000000000244,0.2618629324353972
High access only (not-yet-treated controls),STEM births (count),Wooldridge ETWFE,0,0,-10,0,0
High access only (not-yet-treated controls),STEM births (count),Wooldridge ETWFE,14.556667956392019,17.729046329325904,0,16.14285714285896,0.8092801971770109
High access only (not-yet-treated controls),STEM births (count),Wooldridge ETWFE,21.48132018254006,26.18534648412981,10,23.833333333334934,1.2000067095892208
High access only (not-yet-treated controls),STEM births (count),Wooldridge ETWFE,29.142064574252693,31.857935425750533,20,30.500000000001613,0.6928241968106729
High access only (not-yet-treated controls),STEM births (count),Wooldridge ETWFE,26.392343766718334,35.32194194757096,30,30.857142857144648,2.277958719605263
High access only (not-yet-treated controls),STEM births (count),Wooldridge ETWFE,-19.53444143508954,-12.132225231576237,40,-15.833333333332888,1.888320460079924
High access only (not-yet-treated controls),STEM births (count),Wooldridge ETWFE,-11.930659965164722,-1.7836257491175207,50,-6.857142857141121,2.588529136746735
High access only (not-yet-treated controls),STEM births (count),Wooldridge ETWFE + county pre-period trend,15.427409864451198,19.98431174728023,-50,17.705860805865715,1.1624749701094477
High access only (not-yet-treated controls),STEM births (count),Wooldridge ETWFE + county pre-period trend,12.247737139931246,16.118563226378708,-40,14.183150183154977,0.987455634297822
High access only (not-yet-treated controls),STEM births (count),Wooldridge ETWFE + county pre-period trend,-8.906931727146254,-1.572189151968315,-30,-5.239560439557285,1.8711077997902907
High access only (not-yet-treated controls),STEM births (count),Wooldridge ETWFE + county pre-period trend,10.10762558455071,16.367832290918102,-20,13.237728937734406,1.5969915067263754
High access only (not-yet-treated controls),STEM births (count),Wooldridge ETWFE + county pre-period trend,0,0,-10,0,0
High access only (not-yet-treated controls),STEM births (count),Wooldridge ETWFE + county pre-period trend,22.297515269497257,23.34644077446691,0,22.821978021982083,0.2675830369820544
High access only (not-yet-treated controls),STEM births (count),Wooldridge ETWFE + county pre-period trend,20.366932782976484,22.142224726187244,10,21.254578754581864,0.4528805977578464
High access only (not-yet-treated controls),STEM births (count),Wooldridge ETWFE + county pre-period trend,34.106546395343216,37.05389316510329,20,35.58021978022325,0.7518741759592036
High access only (not-yet-treated controls),STEM births (count),Wooldridge ETWFE + county pre-period trend,31.528327615975552,36.3730852568726,30,33.95070643642408,1.235907561453329
High access only (not-yet-treated controls),STEM births (count),Wooldridge ETWFE + county pre-period trend,-38.09741519542726,-34.76632106830726,40,-36.43186813186726,0.8497689099795898
High access only (not-yet-treated controls),STEM births (count),Wooldridge ETWFE + county pre-period trend,-15.966475918929685,-6.584230517484318,50,-11.275353218207002,2.3934299493483078
High access only (not-yet-treated controls),Any STEM birth (pp),Wooldridge ETWFE,-34.658468090713285,67.9918014240487,-50,16.666666666667712,26.18629324356173
High access only (not-yet-treated controls),Any STEM birth (pp),Wooldridge ETWFE,-51.325134757380454,51.325134757381704,-40,6.220215315044797e-13,26.186293243561774
High access only (not-yet-treated controls),Any STEM birth (pp),Wooldridge ETWFE,-17.991801424046983,84.6584680907146,-30,33.33333333333381,26.18629324356163
High access only (not-yet-treated controls),Any STEM birth (pp),Wooldridge ETWFE,-34.65846809071316,67.99180142404788,-20,16.666666666667357,26.18629324356149
High access only (not-yet-treated controls),Any STEM birth (pp),Wooldridge ETWFE,0,0,-10,0,0
High access only (not-yet-treated controls),Any STEM birth (pp),Wooldridge ETWFE,-58.27868693489685,29.707258363469627,0,-14.285714285713608,22.44539420876696
High access only (not-yet-treated controls),Any STEM birth (pp),Wooldridge ETWFE,-67.9918014240476,34.65846809071437,10,-16.666666666666607,26.186293243561725
High access only (not-yet-treated controls),Any STEM birth (pp),Wooldridge ETWFE,-17.9918014240504,84.65846809071917,20,33.33333333333439,26.186293243563668
High access only (not-yet-treated controls),Any STEM birth (pp),Wooldridge ETWFE,-58.27868693489751,29.70725836346989,30,-14.28571428571381,22.445394208767194
High access only (not-yet-treated controls),Any STEM birth (pp),Wooldridge ETWFE,-84.65846809071508,17.9918014240479,40,-33.33333333333359,26.186293243561988
High access only (not-yet-treated controls),Any STEM birth (pp),Wooldridge ETWFE,-86.85011550632571,1.135829792040596,50,-42.857142857142556,22.445394208766913
High access only (not-yet-treated controls),Any STEM birth (pp),Wooldridge ETWFE + county pre-period trend,-111.03485472202505,98.43412212130465,-50,-6.300366300360198,53.43596348044125
High access only (not-yet-treated controls),Any STEM birth (pp),Wooldridge ETWFE + county pre-period trend,-59.20908241916872,52.817141027239586,-40,-3.195970695964566,28.57811822612457
High access only (not-yet-treated controls),Any STEM birth (pp),Wooldridge ETWFE + county pre-period trend,-118.68420278338897,140.4058145050097,-30,10.86080586081036,66.09439216540783
High access only (not-yet-treated controls),Any STEM birth (pp),Wooldridge ETWFE + county pre-period trend,-75.8918052173917,84.77458910018909,-20,4.4413919413986855,40.98632508101551
High access only (not-yet-treated controls),Any STEM birth (pp),Wooldridge ETWFE + county pre-period trend,0,0,-10,0,0
High access only (not-yet-treated controls),Any STEM birth (pp),Wooldridge ETWFE + county pre-period trend,-78.72210422609078,46.36731615702779,0,-16.1773940345315,31.91056642426494
High access only (not-yet-treated controls),Any STEM birth (pp),Wooldridge ETWFE + county pre-period trend,-134.67641355719311,65.18923407002052,10,-34.74358974358629,50.98613459877899
High access only (not-yet-treated controls),Any STEM birth (pp),Wooldridge ETWFE + county pre-period trend,-84.78931220003342,68.9834513941807,20,-7.902930402926355,39.22774581485054
High access only (not-yet-treated controls),Any STEM birth (pp),Wooldridge ETWFE + county pre-period trend,-111.60646740029082,35.750894401867434,30,-37.9277864992117,37.591163725040374
High access only (not-yet-treated controls),Any STEM birth (pp),Wooldridge ETWFE + county pre-period trend,-123.38455089844837,35.234367748270635,40,-44.07509157508887,40.46400985885689
High access only (not-yet-treated controls),Any STEM birth (pp),Wooldridge ETWFE + county pre-period trend,-114.3971434725596,10.69227691055955,50,-51.852433281000025,31.910566424265088
High access only (not-yet-treated controls),"STEM births per 1,000 population",Wooldridge ETWFE,-0.04561244995635475,0.12530753425005767,-50,0.039847542146851454,0.043602036787350106
High access only (not-yet-treated controls),"STEM births per 1,000 population",Wooldridge ETWFE,-0.02141394123299984,0.040724906501354886,-40,0.009655482634177523,0.01585174687100886
High access only (not-yet-treated controls),"STEM births per 1,000 population",Wooldridge ETWFE,-0.017607231395451266,0.006039529140756609,-30,-0.005783851127347329,0.006032336871481601
High access only (not-yet-treated controls),"STEM births per 1,000 population",Wooldridge ETWFE,-0.010621915621475419,0.012861400061813088,-20,0.0011197422201688343,0.005990641755940946
High access only (not-yet-treated controls),"STEM births per 1,000 population",Wooldridge ETWFE,0,0,-10,0,0
High access only (not-yet-treated controls),"STEM births per 1,000 population",Wooldridge ETWFE,-0.017316204515458133,0.02902842054948852,0,0.005856108017015194,0.01182260843493537
High access only (not-yet-treated controls),"STEM births per 1,000 population",Wooldridge ETWFE,-0.03495567660846302,0.0034824676187181942,10,-0.015736604494872415,0.00980564903754623
High access only (not-yet-treated controls),"STEM births per 1,000 population",Wooldridge ETWFE,0.0020823215537866674,0.017533859378402503,20,0.009808090466094585,0.003941718832810162
High access only (not-yet-treated controls),"STEM births per 1,000 population",Wooldridge ETWFE,-0.010603088358539707,0.03083710475486172,30,0.010117008198161007,0.010571477835051385
High access only (not-yet-treated controls),"STEM births per 1,000 population",Wooldridge ETWFE,-0.036411475360766665,-0.007435537414102487,40,-0.021923506387434576,0.00739182090476127
High access only (not-yet-treated controls),"STEM births per 1,000 population",Wooldridge ETWFE,-0.026059562799963888,0.0014631481096868317,50,-0.012298207345138527,0.007021099721849673
High access only (not-yet-treated controls),"STEM births per 1,000 population",Wooldridge ETWFE + county pre-period trend,-0.34795858575411764,-0.05993639244623247,-50,-0.20394748910017504,0.07347504931323601
High access only (not-yet-treated controls),"STEM births per 1,000 population",Wooldridge ETWFE + county pre-period trend,-0.3238616541762188,-0.07198889968246702,-40,-0.19792527692934292,0.06425325369738566
High access only (not-yet-treated controls),"STEM births per 1,000 population",Wooldridge ETWFE + county pre-period trend,-0.2916969501864996,0.09574551547841535,-30,-0.09797571735404213,0.09883736369002934
High access only (not-yet-treated controls),"STEM births per 1,000 population",Wooldridge ETWFE + county pre-period trend,-0.37536242327636676,-0.01237086840061441,-20,-0.1938666458384906,0.092599886447896
High access only (not-yet-treated controls),"STEM births per 1,000 population",Wooldridge ETWFE + county pre-period trend,0,0,-10,0,0
High access only (not-yet-treated controls),"STEM births per 1,000 population",Wooldridge ETWFE + county pre-period trend,-0.18717242505644993,-0.04716121978845915,0,-0.11716682242245455,0.03571714420101806
High access only (not-yet-treated controls),"STEM births per 1,000 population",Wooldridge ETWFE + county pre-period trend,-0.1790352486565154,0.09655652922817978,10,-0.041239359714167804,0.07030402497058551
High access only (not-yet-treated controls),"STEM births per 1,000 population",Wooldridge ETWFE + county pre-period trend,-0.26284079541241295,0.01598338909398589,20,-0.12342870315921353,0.07112861849653032
High access only (not-yet-treated controls),"STEM births per 1,000 population",Wooldridge ETWFE + county pre-period trend,-0.18060589077042227,0.005719820585458821,30,-0.08744303509248172,0.047532069223439055
High access only (not-yet-treated controls),"STEM births per 1,000 population",Wooldridge ETWFE + county pre-period trend,0.13160412785395176,0.34419507337584454,40,0.23789960061489815,0.05423238406170735
High access only (not-yet-treated controls),"STEM births per 1,000 population",Wooldridge ETWFE + county pre-period trend,-0.06038852465367912,0.09867945772085027,50,0.01914546653358557,0.040578566932277904
High access only (not-yet-treated controls),"STEM births per 1,000 est. births",Wooldridge ETWFE,-0.08564239258337854,0.24612350502325236,-50,0.0802405562199369,0.08463415755271196
High access only (not-yet-treated controls),"STEM births per 1,000 est. births",Wooldridge ETWFE,-0.03726599579480659,0.06694773199797233,-40,0.014840868101582864,0.02658513464101503
High access only (not-yet-treated controls),"STEM births per 1,000 est. births",Wooldridge ETWFE,-0.040342402072036154,3.101403699845538e-4,-30,-0.0200161308510258,0.010370546541331812
High access only (not-yet-treated controls),"STEM births per 1,000 est. births",Wooldridge ETWFE,-0.01744300391082302,0.02410316252374485,-20,0.003330079306460914,0.010598511845553028
High access only (not-yet-treated controls),"STEM births per 1,000 est. births",Wooldridge ETWFE,0,0,-10,0,0
High access only (not-yet-treated controls),"STEM births per 1,000 est. births",Wooldridge ETWFE,-0.0360015229145097,0.0650442787780255,0,0.014521377931757899,0.025776990227687552
High access only (not-yet-treated controls),"STEM births per 1,000 est. births",Wooldridge ETWFE,-0.06451143775060073,0.02003815693769651,10,-0.022236640406452107,0.021568774155177866
High access only (not-yet-treated controls),"STEM births per 1,000 est. births",Wooldridge ETWFE,0.01899467966600537,0.056402849932459954,20,0.03769876479923266,0.00954290057817719
High access only (not-yet-treated controls),"STEM births per 1,000 est. births",Wooldridge ETWFE,-0.02380466073848115,0.08827363664639704,30,0.032234487953957947,0.02859140239410158
High access only (not-yet-treated controls),"STEM births per 1,000 est. births",Wooldridge ETWFE,-0.11031198938000815,-0.024709728081313484,40,-0.06751085873066082,0.021837311555789454
High access only (not-yet-treated controls),"STEM births per 1,000 est. births",Wooldridge ETWFE,-0.08370478329159399,0.004070045366042149,50,-0.03981736896277592,0.022391537922866363
High access only (not-yet-treated controls),"STEM births per 1,000 est. births",Wooldridge ETWFE + county pre-period trend,-0.6126258990216198,-0.08245441416990329,-50,-0.34754015659576154,0.13524782776829503
High access only (not-yet-treated controls),"STEM births per 1,000 est. births",Wooldridge ETWFE + county pre-period trend,-0.589633087917355,-0.1041029223067059,-40,-0.3468680051120305,0.1238597361251656
High access only (not-yet-treated controls),"STEM births per 1,000 est. births",Wooldridge ETWFE + county pre-period trend,-0.5516120554134512,0.17972034739378281,-30,-0.18594585400983418,0.18656438847123316
High access only (not-yet-treated controls),"STEM births per 1,000 est. births",Wooldridge ETWFE + county pre-period trend,-0.6813333893479347,0.002957821212689782,-20,-0.3391877840676225,0.17456408432668996
High access only (not-yet-treated controls),"STEM births per 1,000 est. births",Wooldridge ETWFE + county pre-period trend,0,0,-10,0,0
High access only (not-yet-treated controls),"STEM births per 1,000 est. births",Wooldridge ETWFE + county pre-period trend,-0.3244802881525433,-0.07552477788089353,0,-0.20000253301671841,0.0635090587427678
High access only (not-yet-treated controls),"STEM births per 1,000 est. births",Wooldridge ETWFE + county pre-period trend,-0.3270225836410233,0.17821264087382735,10,-0.074404971383598,0.12888653686603335
High access only (not-yet-treated controls),"STEM births per 1,000 est. births",Wooldridge ETWFE + county pre-period trend,-0.4573721297654263,0.06045818716191262,20,-0.19845697130175685,0.13209957064472932
High access only (not-yet-treated controls),"STEM births per 1,000 est. births",Wooldridge ETWFE + county pre-period trend,-0.3007163858765539,0.014994572975959214,30,-0.14286090645029734,0.08053850991135539
High access only (not-yet-treated controls),"STEM births per 1,000 est. births",Wooldridge ETWFE + county pre-period trend,0.19146963638585449,0.5595788573459863,40,0.3755242468659204,0.0939054135102377
High access only (not-yet-treated controls),"STEM births per 1,000 est. births",Wooldridge ETWFE + county pre-period trend,-0.12111968121000906,0.14197953928439294,50,0.010429929037191938,0.06711714808530662
High access only (not-yet-treated controls),County population,Wooldridge ETWFE,-839969.7174540698,3314.8576389905647,-50,-418327.4299075396,215123.61609516846
High access only (not-yet-treated controls),County population,Wooldridge ETWFE,-735677.7617066469,-77231.6862050494,-40,-406454.72395584814,167970.93762795854
High access only (not-yet-treated controls),County population,Wooldridge ETWFE,-592424.3892024606,158971.57096507406,-30,-216726.40911869332,191682.64289988132
High access only (not-yet-treated controls),County population,Wooldridge ETWFE,-638939.8000657002,11139.26237635786,-20,-313900.26884467114,165836.49552093315
High access only (not-yet-treated controls),County population,Wooldridge ETWFE,0,0,-10,0,0
High access only (not-yet-treated controls),County population,Wooldridge ETWFE,-104446.51874516401,48216.51874506526,0,-28115.00000004937,38944.652420976854
High access only (not-yet-treated controls),County population,Wooldridge ETWFE,190001.85820472316,357934.47512854537,10,273968.16666663426,42839.95329689343
High access only (not-yet-treated controls),County population,Wooldridge ETWFE,-72036.72622318659,249425.72622310993,20,88694.49999996167,82005.72766487156
High access only (not-yet-treated controls),County population,Wooldridge ETWFE,-89844.9303437176,412749.50177221897,30,161452.28571425067,128212.8653356981
High access only (not-yet-treated controls),County population,Wooldridge ETWFE,100582.42661191372,1170579.573388054,40,635580.9999999838,272958.45581023983
High access only (not-yet-treated controls),County population,Wooldridge ETWFE,-410659.89663129725,1081523.3252026462,50,335431.71428567445,380658.98516172025
High access only (not-yet-treated controls),County population,Wooldridge ETWFE + county pre-period trend,57318.308695723885,594389.3168664132,-50,325853.81278106855,137007.91024762482
High access only (not-yet-treated controls),County population,Wooldridge ETWFE + county pre-period trend,123634.87365668567,406082.02057712746,-40,264858.4471169066,72052.84360215353
High access only (not-yet-treated controls),County population,Wooldridge ETWFE + county pre-period trend,3588.9436362693086,483618.604840951,-30,243603.77423861015,122456.5462256841
High access only (not-yet-treated controls),County population,Wooldridge ETWFE + county pre-period trend,101709.71777526397,609246.8878777575,-20,355478.30282651074,129473.76788328917
High access only (not-yet-treated controls),County population,Wooldridge ETWFE + county pre-period trend,0,0,-10,0,0
High access only (not-yet-treated controls),County population,Wooldridge ETWFE + county pre-period trend,84656.75489586353,655879.95903177,0,370268.35696381674,145720.20513671084
High access only (not-yet-treated controls),County population,Wooldridge ETWFE + county pre-period trend,163017.3757799511,946570.0769278639,10,554793.7263539075,199885.89314997775
High access only (not-yet-treated controls),County population,Wooldridge ETWFE + county pre-period trend,-210504.01947239257,833004.3672556581,20,311250.1738916328,266201.11906327825
High access only (not-yet-treated controls),County population,Wooldridge ETWFE + county pre-period trend,-145601.96746865858,945158.986542723,30,399778.5095370322,278255.3454110667
High access only (not-yet-treated controls),County population,Wooldridge ETWFE + county pre-period trend,-406904.9934753363,1313717.7808298543,40,453406.39367725904,438934.38120030373
High access only (not-yet-treated controls),County population,Wooldridge ETWFE + county pre-period trend,-558120.6789655343,1447318.5830875768,50,444598.95206102123,511591.6484829365
