unit_type,unit_id,event_year,g_std,g_shift,first_fair_name,first_fair_city,first_fair_country,n_fairs_1800_1900,fair_years_1800_1900,fair_names_1800_1900
europe_city,GEONAMES_2618425,1872,1870,1870,Second Scandinavian Exhibition of Arts and Industry,Copenhagen,Denmark,2,1872,Second Scandinavian Exhibition of Arts and Industry | The Nordic Exhibition of 1888 (Nordiske Industri-Landbrugs og Kunstudstilling)
europe_city,GEONAMES_2643123,1857,1850,1860,"Art Treasures Exhibition at the Royal Botanical Gardens, Stretford",Manchester,United Kingdom,3,1857,"Art Treasures Exhibition at the Royal Botanical Gardens, Stretford | Royal Jubilee Exhibition | British and Colonial Exhibition"
europe_city,GEONAMES_2643743,1849,1840,1850,First Exhibition of British Manufacturers (1849),London,United Kingdom,20,1849,"First Exhibition of British Manufacturers (1849) | The Great Exhibition of the Works of Industry of All Nations – The Crystal Palace (typically listed as the ""first world's fair"") | 1862 International Exhibition | First Annual International Exhibition (1871) | Second Annual International Exhibition (1872) | Third Annual International Exhibition (1873) | Fourth Annual International Exhibition (1874) | London Loan Collection of Scientific Apparatus | International Fisheries Exhibition | International Medical and Sanitary Exhibition | Crystal Palace Electric Exhibition | International Electric Exhibition | London International Universal Exhibition | International Inventions Exhibition | Colonial and Indian Exhibition (1886) | American Exhibition | International Exhibition of Mining and Metallurgy | Crystal Palace Electrical Exhibition | Imperial Victorian Exhibition | Greater Britain Exhibition"
europe_city,GEONAMES_2644210,1886,1880,1880,"International Exhibition of Navigation, Commerce and Industry (1886)",Liverpool,United Kingdom,1,1886,"International Exhibition of Navigation, Commerce and Industry (1886)"
europe_city,GEONAMES_2648579,1880,1880,1880,Glasgow Electrical Exhibition,Glasgow,United Kingdom,2,1880,Glasgow Electrical Exhibition | International Exhibition (1888)
europe_city,GEONAMES_2650225,1882,1880,1880,International Fisheries Exhibition,Edinburgh,United Kingdom,4,1882,"International Fisheries Exhibition | First International Forestry Exhibition | International Exhibition of Industry, Science and Art | International Exhibition of Science, Art & Industry"
europe_city,GEONAMES_2655603,1849,1840,1850,Exhibition of Industrial Arts and Manufacturers,Birmingham,United Kingdom,1,1849,Exhibition of Industrial Arts and Manufacturers
europe_city,GEONAMES_2673730,1866,1860,1860,Scandinavian Industrial Exhibition,Stockholm,Sweden,2,1866,Scandinavian Industrial Exhibition | General Art and Industrial Exposition of Stockholm
europe_city,GEONAMES_2692969,1896,1890,1890,Nordic Industrial and Handicraft Exhibition,Malmö,Sweden,1,1896,Nordic Industrial and Handicraft Exhibition
europe_city,GEONAMES_2711537,1867,1860,1870,International Maritime Exhibition,Gothenburg,Sweden,1,1867,International Maritime Exhibition
europe_city,GEONAMES_2735943,1865,1860,1860,1865 International Exhibition,Porto,Portugal,2,1865,1865 International Exhibition | Exposição Insular e Colonial Portugueza (1894)
europe_city,GEONAMES_2747373,1867,1860,1870,International Maritime Exhibition,The Hague,Netherlands,1,1867,International Maritime Exhibition
europe_city,GEONAMES_2759794,1861,1860,1860,Fisheries Exposition,Amsterdam,Netherlands,4,1861,Fisheries Exposition | International Exhibition of Domestic Economy | International Colonial and Export Exhibition | International Agricultural Exhibition
europe_city,GEONAMES_2761369,1867,1860,1870,International Maritime Exhibition,Vienna,Austria,5,1867,International Maritime Exhibition | Weltausstellung 1873 Wien | International Electrical Exposition | Agricultural and Forestry Exposition | Jubiläums-Ausstellung
europe_city,GEONAMES_2800481,1895,1890,1890,"Exposition internationale, industrielle, commerciale, agricole et horticole, avec annexes scientifiques et artistiques et concours ouvriers",Charleroi,Belgium,1,1895,"Exposition internationale, industrielle, commerciale, agricole et horticole, avec annexes scientifiques et artistiques et concours ouvriers"
europe_city,GEONAMES_2800866,1856,1850,1850,International Exhibition,Brussels,Belgium,4,1856,International Exhibition | International Exposition of Hygiene and Life-saving Apparatus | Grand Concours International des Sciences et de l'Industrie (1888) | Exposition Internationale de Bruxelles (1897)
europe_city,GEONAMES_2803138,1885,1880,1880,Exposition Universelle d'Anvers (1885),Antwerp,Belgium,2,1885,Exposition Universelle d'Anvers (1885) | Exposition Internationale d'Anvers (1894)
europe_city,GEONAMES_2861650,1885,1880,1880,International Exposition of Metals and Metallurgy,Nuremberg,Germany,1,1885,International Exposition of Metals and Metallurgy
europe_city,GEONAMES_2867714,1854,1850,1850,General German Industrial Exhibition (Allgemeine deutsche Industrie-Ausstellung),Munich,Bavaria,3,1854,General German Industrial Exhibition (Allgemeine deutsche Industrie-Ausstellung) | International Electrical Exposition | Kraft – und Arbeitsmaschinen-Ausstellung (1898)
europe_city,GEONAMES_2891122,1896,1890,1890,International Shipping and Fishery Exposition,Kiel,Germany,1,1896,International Shipping and Fishery Exposition
europe_city,GEONAMES_2944388,1890,1890,1890,Nord-West-Deutsche Gewerbe und Industrie-Ausstellung,Bremen,Germany,1,1890,Nord-West-Deutsche Gewerbe und Industrie-Ausstellung
europe_city,GEONAMES_2950159,1880,1880,1880,International Fisheries Exhibition,Berlin,Germany,2,1880,International Fisheries Exhibition | Great Industrial Exposition of Berlin
europe_city,GEONAMES_2965140,1852,1850,1850,Irish Industrial Exhibition,Cork,Ireland,1,1852,Irish Industrial Exhibition
europe_city,GEONAMES_2982652,1896,1890,1890,National and Colonial Exposition,Rouen,France,1,1896,National and Colonial Exposition
europe_city,GEONAMES_2990440,1884,1880,1880,International Exposition of Nice,Nice,France,1,1884,International Exposition of Nice
europe_city,GEONAMES_2994160,1861,1860,1860,Exposition Universelle (1861),Metz,France,1,1861,Exposition Universelle (1861)
europe_city,GEONAMES_2995469,1874,1870,1870,Exhibition of Modern Inventions and Discoveries,Marseille,France,2,1874,Exhibition of Modern Inventions and Discoveries | International Maritime Exposition
europe_city,GEONAMES_2996944,1872,1870,1870,Exposition Universelle et Internationale (1872),Lyon,France,2,1872,Exposition Universelle et Internationale (1872) | Exposition internationale et coloniale
europe_city,GEONAMES_2998324,1882,1880,1880,International Exposition of Industrial Art,Lille,France,1,1882,International Exposition of Industrial Art
europe_city,GEONAMES_3003796,1868,1860,1870,International Maritime Exposition,Le Havre,France,2,1868,International Maritime Exposition
europe_city,GEONAMES_3014728,1892,1890,1890,International Alpine Exposition of Grenoble,Grenoble,France,1,1892,International Alpine Exposition of Grenoble
europe_city,GEONAMES_3031133,1866,1860,1860,International Fisheries Exposition,Boulogne-sur-Mer,France,1,1866,International Fisheries Exposition
europe_city,GEONAMES_3031582,1882,1880,1880,Exposition internationale des vins,Bordeaux,France,2,1882,Exposition internationale des vins | Bordeaux Exposition
europe_city,GEONAMES_3034475,1864,1860,1860,Franco-Spanish Exposition,Bayonne,France,1,1864,Franco-Spanish Exposition
europe_city,GEONAMES_3054643,1881,1880,1880,Országos Nőipari Kiállitás,Budapest,Austria-Hungary,3,1881,Országos Nőipari Kiállitás | Hungarian National Exhibition | Hungarian Millenary Exhibition
europe_city,GEONAMES_3067696,1891,1890,1890,General Land Centennial Exhibition (1891) at the Prague Exhibition Grounds,Prague,Austria-Hungary,1,1891,General Land Centennial Exhibition (1891) at the Prague Exhibition Grounds
europe_city,GEONAMES_3104324,1885,1880,1880,Aragonese Exposition,Zaragoza,Spain,1,1885,Aragonese Exposition
europe_city,GEONAMES_3117735,1883,1880,1880,Exposition of Mining and Metallurgy,Madrid,Spain,3,1883,Exposition of Mining and Metallurgy | Exposición General de las Islas Filipinas | Historical American Exposition
europe_city,GEONAMES_3128760,1888,1880,1890,Exposición Universal de Barcelona (1888),Barcelona,Spain,1,1888,Exposición Universal de Barcelona (1888)
europe_city,GEONAMES_3161732,1865,1860,1860,International Fisheries Exhibition,Bergen,Norway,2,1865,International Fisheries Exhibition | International Fisheries Exposition (1898)
europe_city,GEONAMES_3165524,1829,1820,1830,"Prima Triennale Pubblica Esposizione dell’anno 1829. In Turin, a second 'triennale' followed in 1832 before other national agricultural, industrial, commercial, and applied arts expositions there in 1838, 1844, 1850 and 1858.",Turin,Piedmont-Sardinia,8,1829,"Prima Triennale Pubblica Esposizione dell’anno 1829. In Turin, a second 'triennale' followed in 1832 before other national agricultural, industrial, commercial, and applied arts expositions there in 1838, 1844, 1850 and 1858. | Seconda Triennale Pubblica Esposizione dell’anno 1832. | Pubblica esposizione dell'anno 1838. | Quarta Esposizione d'Industria et di Belle Arti. | Quinta Esposizione di Industria e di Belle Arti | Sesta Esposizione Nazionale di Prodotti d'Industria | Esposizione Generale Italiana"
europe_city,GEONAMES_3169070,1874,1870,1870,Esposizione internazionale (1874) (never held),Rome,Italy,2,1874,Esposizione internazionale (1874) (never held) | Esposizione mondiale (1887)
europe_city,GEONAMES_3172394,1853,1850,1850,Solenne Pubblica Esposizione di Arti e Manifatture,Naples,Two Sicilies,2,1853,Solenne Pubblica Esposizione di Arti e Manifatture | International Maritime Exposition
europe_city,GEONAMES_3176219,1846,1840,1840,Esposizione dei Prodotti e delle Manufatture nazionali,Genoa,Piedmont-Sardinia,3,1846,Esposizione dei Prodotti e delle Manufatture nazionali | Esposizione Industriale | Esposizione Italo-Americana (1892)
europe_city,GEONAMES_3178229,1899,1890,1900,Como Electrical Exhibition,Como,Italy,1,1899,Como Electrical Exhibition
europe_city,GEONAMES_520555,1875,1870,1870,Nizhny Novgorod Fair (1875),Nizhny Novgorod,Russia,2,1875,Nizhny Novgorod Fair (1875) | Pan Russian Exhibition
europe_city,GEONAMES_524901,1891,1890,1890,Exposition française de Moscow,Moscow,Russia,1,1891,Exposition française de Moscow
europe_city,GEONAMES_658225,1876,1870,1870,Finnish General Exhibition,Helsinki,Finland,1,1876,Finnish General Exhibition
us_county,US_COUNTY_11001,1892,1890,1890,Exposition of the Three Americas (1892) (never held),Washington,United States,1,1892,Exposition of the Three Americas (1892) (never held)
us_county,US_COUNTY_13121,1881,1880,1880,International Cotton Exposition,Atlanta,United States,3,1881,International Cotton Exposition | Piedmont Exposition | Cotton States and International Exposition (1895) (Atlanta Exposition)
us_county,US_COUNTY_17031,1893,1890,1890,World's Columbian Exposition – Palace of Fine Arts and the World's Congress Auxiliary Building,Chicago,United States,2,1893,World's Columbian Exposition – Palace of Fine Arts and the World's Congress Auxiliary Building | Irish Fair (1897)
us_county,US_COUNTY_21111,1883,1880,1880,Southern Exposition,Louisville,United States,1,1883,Southern Exposition
us_county,US_COUNTY_22071,1884,1880,1880,World Cotton Centennial,New Orleans,United States,1,1884,World Cotton Centennial
us_county,US_COUNTY_25025,1883,1880,1880,"The American Exhibition of the Products, Arts and Manufactures of Foreign Nations",Boston,United States,1,1883,"The American Exhibition of the Products, Arts and Manufactures of Foreign Nations"
us_county,US_COUNTY_31055,1898,1890,1900,Trans-Mississippi Exposition,Omaha,United States,2,1898,Trans-Mississippi Exposition | Greater America Exposition
us_county,US_COUNTY_36029,1889,1880,1890,International Industrial Fair (1889),Buffalo,United States,1,1889,International Industrial Fair (1889)
us_county,US_COUNTY_36047,1829,1820,1830,American Institute Fair,New York City,United States,4,1829,American Institute Fair | Exhibition of the Industry of All Nations | World's Fair (1883) (never held) | World's Fair Prize Winners' Exposition (1893)
us_county,US_COUNTY_39061,1888,1880,1890,Cincinnati Centennial Exposition (1888),Cincinnati,Ohio,1,1888,Cincinnati Centennial Exposition (1888)
us_county,US_COUNTY_42101,1858,1850,1860,Philadelphia Technological Exhibition,Philadelphia,United States,4,1858,Philadelphia Technological Exhibition | Franklin Institute Exhibition | Centennial Exposition | National Export Exposition
us_county,US_COUNTY_47037,1897,1890,1900,Tennessee Centennial and International Exposition,Nashville,United States,1,1897,Tennessee Centennial and International Exposition
