"country","1800","1801","1802","1803","1804","1805","1806","1807","1808","1809","1810","1811","1812","1813","1814","1815","1816","1817","1818","1819","1820","1821","1822","1823","1824","1825","1826","1827","1828","1829","1830","1831","1832","1833","1834","1835","1836","1837","1838","1839","1840","1841","1842","1843","1844","1845","1846","1847","1848","1849","1850","1851","1852","1853","1854","1855","1856","1857","1858","1859","1860","1861","1862","1863","1864","1865","1866","1867","1868","1869","1870","1871","1872","1873","1874","1875","1876","1877","1878","1879","1880","1881","1882","1883","1884","1885","1886","1887","1888","1889","1890","1891","1892","1893","1894","1895","1896","1897","1898","1899","1900","1901","1902","1903","1904","1905","1906","1907","1908","1909","1910","1911","1912","1913","1914","1915","1916","1917","1918","1919","1920","1921","1922","1923","1924","1925","1926","1927","1928","1929","1930","1931","1932","1933","1934","1935","1936","1937","1938","1939","1940","1941","1942","1943","1944","1945","1946","1947","1948","1949","1950","1951","1952","1953","1954","1955","1956","1957","1958","1959","1960","1961","1962","1963","1964","1965","1966","1967","1968","1969","1970","1971","1972","1973","1974","1975","1976","1977","1978","1979","1980","1981","1982","1983","1984","1985","1986","1987","1988","1989","1990","1991","1992","1993","1994","1995","1996","1997","1998","1999","2000","2001","2002","2003","2004","2005","2006","2007","2008","2009","2010","2013","2015"
"Afghanistan",1,0,0,0,0,0,0,0,0,0,0,0,0,0,0,0,0,0,0,0,0,0,0,0,0,0,0,0,0,0,0,0,0,0,0,0,0,0,0,0,0,0,0,0,0,0,0,0,0,0,0,0,0,0,0,0,0,0,0,0,0,0,0,0,0,1,0,0,0,0,0,0,0,0,0,0,0,0,0,0,0,1,0,0,0,0,0,0,0,0,0,0,0,0,0,0,0,0,0,0,0,1,0,0,0,0,0,0,0,0,0,0,0,0,0,0,0,0,0,0,0,0,0,0,0,0,1,0,0,0,0,0,1,0,0,1,0,0,0,1,1,0,0,0,2,1,1,0,3,2,1,1,1,1,0,1,0,0,1,2,0,1,0,1,1,1,1,0,2,1,0,1,4,1,0,0,1,1,0,1,1,0,1,0,0,0,1,0,0,0,0,0,0,0,0,0,0,0,0,0,0,0,0,0,0,0,0,0,0,0,0,0,0
"Albania",0,0,0,0,0,0,0,0,0,0,0,1,0,0,0,0,0,0,1,0,0,0,0,0,0,0,0,0,0,0,0,0,0,0,0,0,0,0,0,0,0,0,0,0,0,0,0,0,0,0,0,0,0,0,1,0,0,0,0,1,0,0,0,0,1,0,0,0,0,0,0,0,2,0,0,0,0,0,0,0,0,0,0,0,0,0,0,0,0,2,0,0,1,0,0,0,1,0,0,1,2,1,0,0,0,0,0,0,0,1,2,0,1,1,3,2,1,0,0,1,1,0,1,0,0,2,1,0,0,2,0,0,0,0,1,0,3,0,0,1,0,1,1,0,1,0,0,0,3,0,0,0,0,0,0,2,0,2,1,0,0,0,1,0,0,0,0,0,0,1,0,0,0,0,0,0,0,0,0,0,0,1,0,0,0,0,0,0,0,0,0,0,0,0,0,0,0,0,0,0,0,0,0,0,0,0,0,0,0,0,0,0,0
"Algeria",0,0,0,0,0,0,0,0,1,0,0,0,0,0,0,0,0,0,0,0,0,0,0,0,0,0,0,0,0,0,0,0,0,0,0,0,0,0,0,0,0,0,0,0,1,0,0,0,0,1,1,1,0,0,2,1,0,0,0,0,0,2,1,0,0,0,2,0,1,2,0,0,0,0,0,0,0,0,1,0,0,0,1,1,0,1,0,0,0,2,0,0,0,3,1,0,1,0,1,0,0,0,2,0,3,2,2,2,1,1,3,1,1,2,2,1,0,2,4,3,1,4,3,0,1,1,3,2,2,1,5,2,4,4,4,2,3,3,2,1,6,3,4,3,3,2,5,1,10,8,7,4,3,8,3,2,5,4,5,4,4,0,3,3,2,0,1,1,2,0,0,0,1,0,0,2,1,0,0,1,0,0,0,0,0,0,0,2,0,0,0,0,0,0,0,0,0,0,0,0,0,0,0,0,0,0,0,0,0,0,0,0,0
"Angola",0,0,0,0,0,0,0,0,0,0,0,0,0,0,0,0,0,0,0,0,0,0,0,0,0,0,0,0,0,0,0,0,0,0,0,0,0,0,0,0,0,0,0,0,0,0,0,0,0,0,0,0,0,0,0,0,0,0,0,0,0,0,0,0,0,0,0,0,0,0,0,0,0,0,0,0,0,0,0,0,0,0,0,0,0,0,0,0,0,0,0,0,0,0,0,0,0,0,0,0,0,0,0,0,0,0,0,2,0,0,0,0,0,0,0,0,0,0,0,0,0,0,1,1,0,0,1,0,0,0,0,0,0,0,0,0,0,0,0,2,0,0,0,1,0,0,0,0,0,0,0,1,0,0,2,0,1,0,0,2,1,0,0,0,0,0,1,1,0,0,0,0,0,0,0,1,0,0,0,0,0,0,0,0,0,0,0,0,0,0,0,0,0,0,0,0,0,0,0,0,0,0,0,0,0,0,0,0,0,0,0,0,0
"Argentina",1,1,0,0,1,0,0,1,0,0,0,1,0,0,0,1,0,0,1,0,1,2,0,1,0,0,1,0,2,0,1,1,0,3,2,0,0,2,1,1,2,0,0,1,2,0,1,2,2,5,1,1,5,1,4,2,4,5,0,1,2,5,7,2,1,4,2,2,2,2,7,1,5,2,2,2,3,3,2,4,8,4,5,5,4,4,9,9,4,4,4,7,2,5,4,6,6,5,12,1,7,5,9,6,4,6,8,5,5,5,11,7,7,7,7,14,5,8,11,15,10,9,12,11,15,11,13,13,11,17,17,14,10,12,12,15,7,9,8,18,20,16,19,14,22,16,11,11,14,19,14,20,11,15,12,14,15,17,10,17,10,19,8,12,14,9,10,10,9,7,9,5,6,4,7,2,4,2,6,3,0,1,2,0,1,0,0,4,0,0,0,0,0,1,0,0,0,0,0,0,0,0,0,0,0,0,0,0,0,0,0,0,0
"Armenia",0,0,0,0,0,0,0,0,0,0,0,0,0,0,0,0,0,0,0,0,0,0,0,0,0,0,0,0,0,0,0,0,0,0,0,0,0,0,0,0,0,0,0,0,0,0,1,0,1,1,0,0,0,0,0,0,0,0,0,0,0,0,0,0,1,0,0,0,0,0,1,1,0,0,0,0,0,0,0,0,0,1,1,0,1,0,1,0,0,0,0,0,0,0,0,1,1,0,0,1,0,0,1,1,0,1,1,2,2,2,1,1,1,0,0,0,0,2,1,0,1,0,2,0,1,0,1,1,3,4,3,2,2,1,0,0,5,2,0,2,0,0,1,0,1,3,2,4,1,4,5,1,2,1,0,2,1,4,1,1,0,2,3,2,2,2,3,0,0,0,0,1,1,0,0,1,1,1,0,0,0,2,0,0,0,0,0,0,0,0,1,0,0,0,0,0,0,0,0,0,0,0,0,0,0,0,0,0,0,0,0,0,0
"Australia",2,0,0,0,0,0,0,0,0,0,0,0,1,0,0,0,0,0,0,0,1,0,0,0,1,0,0,2,0,0,1,0,0,1,2,0,0,1,1,0,2,2,2,0,2,1,0,0,1,0,5,1,3,3,1,6,9,2,6,6,5,4,3,6,6,7,5,6,4,3,3,8,8,6,4,5,4,5,7,5,7,9,4,13,9,12,7,8,11,9,6,8,10,12,6,11,7,5,12,9,16,9,8,15,4,6,9,13,11,10,13,9,13,8,9,12,16,17,10,10,10,15,14,7,20,12,9,16,10,12,26,9,16,17,10,17,15,10,15,23,20,27,22,25,20,19,21,22,17,11,25,24,19,18,18,8,14,12,12,18,13,16,17,10,9,7,6,7,9,5,5,5,3,3,8,5,7,2,5,4,4,2,1,0,1,3,0,1,0,0,0,0,0,1,0,0,0,0,0,0,0,0,0,0,0,0,0,0,0,0,0,0,0
"Austria",7,3,6,6,5,2,4,10,7,3,8,4,5,3,4,5,8,5,6,11,3,6,5,5,5,7,8,4,8,3,5,9,10,6,8,9,6,11,8,11,7,9,12,8,12,12,9,13,18,9,16,15,21,17,11,18,9,19,16,17,15,21,18,15,22,28,23,15,19,15,15,29,18,27,29,31,30,31,33,24,31,21,46,30,29,33,32,26,22,26,21,36,23,33,30,34,32,28,42,41,39,42,49,43,38,37,32,43,36,37,40,36,34,43,31,25,22,27,18,34,44,45,50,49,59,41,49,47,56,42,32,36,25,34,31,30,32,35,34,67,82,94,97,68,89,48,63,66,73,55,64,45,42,56,50,47,50,52,51,39,48,49,50,42,36,43,31,31,28,28,22,29,22,18,23,10,16,8,8,7,16,4,2,2,3,2,1,0,1,1,0,1,0,1,1,0,0,0,0,0,0,0,0,0,0,0,0,0,0,0,0,0,0
"Azerbaijan",0,0,0,0,0,0,0,0,0,0,0,0,1,0,0,0,0,0,0,0,0,0,0,0,0,0,0,0,1,0,0,0,0,0,0,0,0,2,0,0,0,0,0,0,0,0,0,0,0,0,0,0,0,0,1,1,0,0,0,0,1,0,0,1,0,0,0,0,0,0,1,0,0,0,0,1,0,0,1,2,1,0,1,1,1,1,0,1,0,0,1,0,0,1,0,1,1,0,0,1,1,0,1,0,1,3,3,4,1,2,3,3,4,1,2,1,1,1,1,1,1,4,3,3,4,2,1,3,1,5,1,2,9,2,2,2,2,4,2,3,2,4,3,2,1,3,3,5,2,1,3,3,4,4,3,1,3,4,8,3,2,2,2,3,1,2,2,0,3,2,1,1,0,1,1,1,0,2,0,1,0,0,0,1,0,0,0,0,0,0,0,0,0,0,0,0,0,0,0,0,0,0,0,0,0,0,0,0,0,0,0,1,0
"Bahamas",0,0,0,0,0,0,0,0,0,0,0,0,0,0,0,0,0,0,0,0,0,0,0,0,0,0,0,0,0,0,0,0,0,0,0,0,0,0,0,0,0,0,0,0,0,0,0,0,0,0,0,0,0,0,0,0,0,0,0,0,0,0,0,0,0,0,0,0,0,0,0,0,0,0,0,0,0,0,0,0,0,0,0,0,0,0,0,0,0,0,0,0,0,0,0,0,0,0,0,0,0,0,0,0,0,0,0,0,0,0,0,0,0,0,0,0,0,0,0,0,0,0,0,0,0,0,0,0,0,0,0,0,0,0,0,0,0,0,0,0,0,0,0,0,0,0,0,0,0,0,0,0,0,0,0,0,0,0,0,0,0,0,0,0,0,0,0,0,0,2,0,0,0,0,0,0,0,0,0,0,0,0,0,0,0,0,0,0,0,0,0,0,0,0,0,0,0,0,0,0,0,0,0,0,0,0,0,0,0,0,0,0,0
"Bangladesh",0,0,0,0,0,0,0,0,0,0,0,0,0,0,0,0,0,0,0,0,2,0,0,0,0,0,1,0,0,0,1,0,0,0,0,1,0,1,0,0,0,0,0,0,0,0,0,0,0,2,0,0,0,0,0,0,1,0,2,0,0,3,0,0,1,0,1,0,1,0,2,1,0,0,0,0,0,0,0,2,0,2,0,0,1,0,0,4,4,0,0,0,2,1,2,1,3,1,3,1,2,1,0,3,1,0,1,0,0,0,2,2,1,0,1,1,1,2,2,3,2,3,2,5,1,1,3,2,5,5,3,4,7,2,3,6,3,4,1,4,4,2,5,5,0,2,2,2,4,0,2,2,4,5,5,2,2,1,2,1,1,0,2,1,2,2,3,0,0,4,3,2,0,0,1,0,2,0,1,1,0,0,0,1,0,0,0,0,1,0,0,0,0,0,0,0,0,0,0,0,0,0,0,0,0,0,0,0,0,0,0,0,0
"Belarus",5,0,1,0,0,0,1,0,1,0,0,0,0,0,2,0,0,0,0,1,0,0,1,1,0,0,3,1,2,0,0,0,0,1,0,1,0,3,0,2,2,0,0,1,2,2,2,1,0,1,1,0,1,0,2,2,1,1,2,0,2,2,0,1,3,1,1,6,3,0,3,1,2,0,2,4,0,1,3,3,7,1,3,5,2,2,4,7,3,3,1,4,3,3,1,4,3,3,5,3,4,9,4,4,5,5,5,3,4,4,4,10,0,3,2,2,2,2,1,1,2,4,4,3,6,3,2,3,5,4,4,2,1,2,4,2,3,2,0,2,5,1,2,0,0,2,2,2,3,1,2,0,0,0,0,1,1,2,1,1,2,4,1,0,0,0,1,0,1,1,0,1,1,0,0,1,2,2,2,1,0,1,0,1,1,0,0,0,0,0,0,0,0,0,1,0,0,0,0,0,0,0,0,0,0,0,0,0,0,0,0,0,0
"Belgium",3,5,4,2,6,1,3,5,7,5,6,1,4,9,5,1,2,7,2,4,7,3,7,6,4,9,6,7,2,5,6,3,7,3,4,4,7,2,7,6,2,6,5,2,5,3,5,7,5,4,6,4,10,4,5,7,7,9,5,4,10,5,12,5,10,8,10,13,12,11,11,5,5,3,7,11,14,9,10,12,11,17,9,10,13,6,7,7,10,6,9,8,6,6,5,5,9,5,8,10,10,11,15,9,16,6,10,8,11,14,14,11,14,16,15,7,10,3,6,13,22,16,15,17,14,17,14,13,17,13,18,12,21,17,14,17,10,10,21,6,11,12,12,16,30,12,22,17,20,21,13,12,22,20,14,16,20,12,13,26,12,22,20,18,13,17,11,14,12,6,9,7,8,4,4,8,6,4,2,1,2,6,3,0,2,2,1,0,1,0,0,0,0,1,0,0,0,0,0,0,1,0,0,0,0,0,0,0,0,0,0,0,0
"Belize",0,0,0,0,0,0,0,0,0,0,0,0,0,0,0,0,0,0,0,0,0,0,0,0,0,0,0,0,0,0,0,0,0,0,0,0,0,0,0,0,0,0,0,0,0,0,0,1,0,0,0,0,0,0,0,0,0,0,0,0,0,0,0,0,0,0,0,0,0,0,0,0,0,0,0,0,0,0,0,0,0,0,0,0,0,0,0,0,0,0,0,0,0,0,0,0,0,0,0,0,0,0,0,0,0,0,0,0,0,0,0,0,0,0,0,0,0,0,0,0,0,1,0,0,0,0,0,0,0,0,0,0,0,0,0,0,0,0,0,0,0,0,0,0,0,0,0,0,0,0,0,0,0,0,0,0,0,0,0,0,0,0,0,0,0,0,0,0,0,0,0,0,0,0,0,0,0,0,0,0,0,0,0,0,0,0,0,0,0,0,0,0,0,0,0,0,0,0,0,0,0,0,0,0,0,0,0,0,0,0,0,0,0
"Benin",0,0,0,0,0,0,0,0,0,0,0,0,0,0,0,0,0,0,0,0,0,0,0,0,0,0,0,0,0,0,0,0,0,0,0,0,0,0,0,0,0,0,0,0,0,0,0,0,0,0,0,0,0,0,0,0,0,0,0,0,0,0,0,0,0,0,0,0,0,0,0,0,0,0,0,0,0,0,0,0,0,0,0,0,0,0,0,0,0,0,0,0,0,0,0,0,0,0,0,0,0,0,0,0,0,0,0,0,0,0,0,0,0,0,0,0,0,1,0,0,0,0,1,0,0,1,0,0,1,0,0,0,0,0,0,0,0,0,0,0,0,0,0,0,1,0,0,0,0,0,0,0,1,0,0,0,1,0,0,1,0,0,0,1,0,0,0,0,0,0,0,0,0,1,0,0,1,0,0,0,0,0,0,0,0,0,0,0,0,0,0,0,0,0,0,0,0,0,0,0,0,0,0,0,0,0,0,0,0,0,0,0,0
"Bhutan",0,0,0,0,0,0,0,0,0,0,0,0,0,0,0,0,0,0,0,0,0,0,0,0,0,0,0,0,0,0,0,0,0,0,0,0,0,0,0,0,0,0,0,0,0,0,0,0,0,0,0,0,0,0,0,0,0,0,0,0,0,0,0,0,0,0,0,0,0,0,0,0,0,0,0,0,0,0,0,0,0,0,0,0,0,0,0,0,0,0,0,0,0,0,0,0,0,0,0,0,0,0,0,0,0,0,0,0,0,0,0,0,0,0,0,0,0,0,0,0,0,0,0,0,0,0,0,0,0,0,0,0,0,0,0,0,1,0,0,0,0,0,0,0,0,0,0,0,0,0,0,0,0,0,0,0,0,0,0,0,0,0,0,0,0,0,0,1,1,0,0,0,0,0,0,0,0,0,0,0,0,0,0,0,0,0,0,0,0,0,0,0,0,0,0,0,0,0,0,0,0,0,0,0,0,0,0,0,0,0,0,0,0
"Bolivia",0,0,0,0,1,1,0,0,0,0,0,0,0,0,0,0,0,0,0,0,0,0,0,0,0,0,0,0,0,0,0,1,0,0,0,0,0,0,0,0,1,0,0,0,1,0,0,0,0,0,0,0,0,0,0,0,0,0,0,0,0,0,0,0,0,0,0,0,0,0,0,0,0,0,1,0,0,0,0,0,0,0,0,0,0,0,0,0,0,0,0,0,0,0,0,0,0,1,0,1,1,0,0,0,0,0,0,0,0,0,0,1,1,1,0,0,1,0,0,0,0,0,0,0,1,3,1,0,1,1,1,0,0,0,1,1,0,2,0,0,1,0,0,0,0,0,0,0,0,1,2,0,0,0,0,0,0,0,0,2,2,0,0,0,1,2,1,1,2,0,0,0,0,1,1,0,5,1,0,0,0,1,1,2,0,0,1,0,0,0,1,0,0,0,0,0,0,0,0,0,0,0,0,0,0,0,0,0,0,0,0,0,0
"Bosnia and Herz.",0,0,0,0,0,0,0,0,0,0,0,0,0,0,0,0,0,0,0,0,0,0,0,0,0,0,0,0,0,0,0,0,0,0,0,0,0,0,1,0,0,0,0,0,0,1,0,0,0,0,0,0,0,0,0,0,0,0,0,0,0,0,0,0,0,0,0,0,0,0,0,0,0,0,1,0,0,0,1,0,1,0,0,0,0,1,0,0,2,2,1,0,1,1,1,0,3,0,0,1,0,1,2,2,2,1,1,1,2,1,0,1,1,1,3,1,0,0,0,0,4,1,1,1,0,3,3,4,2,1,3,2,0,2,0,1,1,2,3,1,2,1,1,1,3,0,1,2,1,2,1,0,0,2,2,2,2,0,2,0,1,0,2,2,0,3,2,1,2,1,0,0,1,1,0,0,0,1,0,2,1,1,0,0,1,1,0,0,1,0,0,0,0,0,0,0,0,0,0,0,0,0,0,0,0,0,0,0,0,0,0,0,0
"Botswana",0,0,0,0,0,0,0,0,0,0,0,0,0,0,0,0,0,0,0,0,0,0,0,0,0,0,0,0,0,0,0,0,0,0,0,0,0,0,0,0,0,0,0,0,0,0,0,0,0,0,0,0,0,0,0,0,0,0,0,0,0,0,0,0,0,0,0,0,0,0,0,0,0,0,0,0,0,0,0,0,0,0,0,0,0,0,0,0,0,0,0,0,0,0,0,0,0,0,0,0,0,0,0,0,0,0,0,0,0,0,0,0,0,0,0,0,0,0,0,0,0,0,0,0,0,0,0,0,0,0,0,0,0,0,0,0,0,0,0,0,0,0,0,0,0,0,0,0,0,0,0,0,0,0,0,0,0,0,0,0,0,0,0,0,0,0,0,0,0,0,0,0,0,1,0,0,0,0,0,0,0,0,0,0,0,0,0,0,0,0,0,0,0,0,0,0,0,0,0,0,0,0,0,0,0,0,0,0,0,0,0,0,0
"Brazil",1,0,0,1,0,0,1,0,2,1,2,0,4,1,2,1,2,1,1,1,1,1,1,1,3,4,1,2,0,1,4,1,1,1,4,0,3,5,4,3,1,0,4,4,1,1,4,3,4,0,0,5,3,5,4,5,4,4,3,3,2,2,6,3,4,3,4,2,6,4,1,3,5,5,7,3,5,4,2,3,3,3,8,7,6,6,9,3,1,13,9,2,10,3,10,11,4,5,9,4,6,6,5,5,10,7,12,12,9,12,13,8,16,16,21,9,21,24,18,9,15,17,16,13,22,14,19,15,23,16,22,18,15,17,17,20,19,18,25,19,16,21,26,30,24,19,33,23,22,32,32,22,18,13,23,22,18,26,15,20,12,12,20,22,13,7,13,14,3,6,11,8,10,6,9,8,8,4,6,9,3,0,3,5,7,1,1,2,4,0,0,1,3,0,0,0,0,0,0,0,0,0,0,0,0,0,0,0,0,0,0,0,0
"Brunei",0,0,0,0,0,0,0,0,0,0,0,0,0,0,0,0,0,0,0,0,0,0,0,0,0,0,0,0,0,0,0,0,0,0,0,0,0,0,0,0,0,0,0,0,0,0,0,0,0,0,0,0,0,0,0,0,0,0,0,0,0,0,0,0,0,0,0,0,0,0,0,0,0,0,0,0,0,0,0,0,0,0,0,0,0,0,0,0,0,0,0,0,0,0,0,0,0,0,0,0,0,0,0,0,0,0,0,0,0,0,0,0,0,0,0,0,0,0,0,0,0,0,0,0,0,0,0,0,0,0,0,0,0,0,0,0,0,0,0,0,0,0,0,0,0,0,0,0,0,0,0,0,0,0,0,0,0,0,0,0,0,0,0,0,0,0,0,0,0,0,0,0,0,0,0,0,0,0,0,0,0,0,0,1,0,0,0,0,0,0,0,0,0,0,0,0,0,0,0,0,0,0,0,0,0,0,0,0,0,0,0,0,0
"Bulgaria",1,0,0,0,0,0,0,0,0,0,0,0,0,0,0,1,0,0,1,0,0,0,1,1,0,0,1,0,1,0,0,1,0,0,0,0,0,0,1,0,0,0,0,1,0,0,1,0,0,0,0,1,0,1,0,1,0,1,0,0,1,0,2,1,1,1,2,0,2,0,1,0,1,0,3,0,1,3,3,2,1,3,1,1,1,3,4,1,2,0,1,1,3,1,2,2,5,3,5,1,1,1,3,2,3,2,3,3,5,2,5,4,2,3,1,3,3,1,0,1,3,1,2,2,2,2,7,1,4,3,6,2,1,3,1,0,4,1,3,5,6,3,4,3,3,0,4,3,5,3,2,4,3,4,3,4,1,1,2,4,4,3,1,4,2,2,2,5,1,1,0,0,1,1,1,1,1,0,1,0,0,1,0,0,0,0,0,0,0,0,0,0,0,0,0,0,0,0,0,0,0,0,0,0,0,0,0,0,0,0,0,0,0
"Burkina Faso",0,0,0,0,0,0,0,0,0,0,0,0,0,0,0,0,0,0,0,0,0,0,0,0,0,0,0,0,0,0,0,0,0,0,0,0,0,0,0,0,0,0,0,0,0,0,0,0,0,0,0,0,0,0,0,0,0,0,0,0,0,0,0,0,0,0,0,0,0,0,0,0,0,0,0,0,0,0,0,0,0,0,0,0,0,0,0,0,0,0,0,0,0,0,0,0,0,0,0,0,0,0,0,0,0,0,0,0,0,0,0,0,0,0,0,0,0,0,0,0,0,0,1,0,0,0,0,0,0,0,0,0,0,0,2,0,0,1,0,0,0,0,0,0,0,0,0,1,1,1,0,0,0,0,0,0,0,0,1,0,0,0,0,0,0,1,0,1,0,0,0,0,0,0,0,0,0,0,0,0,0,0,0,0,0,0,0,0,0,0,0,0,0,0,0,0,0,0,0,0,0,0,0,0,0,0,0,0,0,0,0,0,0
"Burundi",0,0,0,0,0,0,0,0,0,0,0,0,0,0,0,0,0,0,0,0,0,0,0,0,0,0,0,0,0,0,0,0,0,0,0,0,0,0,0,0,0,0,0,0,0,0,0,0,0,0,0,0,0,0,0,0,0,0,0,0,0,0,0,0,0,0,0,0,0,0,0,0,0,0,0,0,0,0,0,0,0,0,0,0,0,0,0,0,0,0,0,0,0,0,0,0,0,0,0,0,0,0,0,0,0,0,0,0,0,0,0,0,0,0,0,0,0,0,0,0,0,0,0,0,0,0,0,0,0,0,0,0,0,0,0,0,0,0,0,0,0,0,0,0,0,0,0,0,0,0,1,0,0,1,0,0,0,0,1,0,0,0,0,0,1,0,0,0,0,0,0,0,1,0,0,0,0,0,0,0,0,0,0,0,0,0,0,0,0,0,0,0,0,0,0,0,0,0,0,0,0,0,0,0,0,0,0,0,0,0,0,0,0
"Cambodia",0,0,0,0,0,0,0,0,0,0,0,0,0,0,0,0,0,0,0,0,0,0,0,0,0,0,0,0,0,0,0,0,0,0,0,0,0,0,0,0,0,0,0,0,0,0,0,0,0,0,0,0,0,0,0,0,0,0,0,0,0,0,0,0,0,0,0,0,0,0,0,0,0,0,0,0,0,0,0,0,0,0,0,0,0,0,0,0,0,0,0,0,0,0,0,0,0,0,0,0,0,0,0,0,0,0,0,0,0,0,0,0,0,0,0,0,0,0,0,0,0,0,0,0,0,1,1,0,0,1,0,0,0,0,0,0,0,0,0,0,0,0,2,0,0,0,0,0,0,0,0,0,0,0,1,1,0,0,0,0,0,0,0,1,0,0,0,0,0,1,0,0,0,0,0,0,0,0,0,1,0,0,0,0,0,0,0,0,0,0,0,0,0,0,0,0,0,0,0,0,0,0,0,0,0,0,0,0,0,0,0,0,0
"Cameroon",0,0,0,0,0,0,0,0,0,0,0,0,0,0,0,0,0,0,0,0,0,0,0,0,0,0,0,0,0,0,0,0,0,0,0,0,0,0,0,0,0,0,0,0,0,0,0,0,0,0,0,0,0,0,0,0,0,0,0,0,0,0,0,0,0,0,0,0,0,0,0,0,0,0,0,0,0,0,0,0,1,0,0,0,0,0,0,0,0,0,0,0,0,0,0,0,0,0,0,0,0,0,0,0,0,0,0,0,0,0,0,1,1,0,2,0,0,0,0,0,0,0,0,0,0,0,1,0,1,0,0,1,0,1,3,0,1,2,1,2,0,2,0,1,0,2,3,1,1,1,0,0,1,1,2,1,0,2,2,0,2,0,2,0,2,1,1,0,1,0,0,0,0,0,0,0,0,2,0,0,0,0,0,0,0,0,0,1,0,0,0,0,0,0,0,0,0,0,0,0,0,0,0,0,0,0,0,0,0,0,0,0,0
"Canada",0,1,0,0,1,1,0,0,1,1,1,1,0,1,3,1,0,1,2,3,3,1,2,1,2,1,1,0,3,3,4,4,4,0,2,2,2,7,3,4,3,4,0,4,4,3,2,5,7,9,2,2,2,2,4,7,4,7,8,8,8,6,8,9,5,9,8,12,8,3,10,6,9,4,13,14,8,8,7,10,4,10,9,9,8,11,6,10,6,11,8,5,7,7,6,12,8,16,3,11,6,5,12,18,17,14,16,13,16,13,20,16,15,20,24,16,19,21,31,28,28,21,26,35,23,37,18,27,12,30,25,35,26,30,20,32,25,17,28,30,23,40,48,46,26,26,40,32,26,20,25,26,29,32,31,22,30,17,24,24,18,20,23,18,16,10,13,8,5,14,9,9,10,8,12,10,3,5,6,6,4,3,2,2,1,1,2,2,3,2,3,1,2,0,0,1,0,0,0,1,0,0,0,0,0,0,0,0,0,0,0,0,0
"Central African Rep.",0,0,0,0,0,0,0,0,0,0,0,0,0,0,0,0,0,0,0,0,0,0,0,0,0,0,0,0,0,0,0,0,0,0,0,0,0,0,0,0,0,0,0,0,0,0,0,0,0,0,0,0,0,0,0,0,0,0,0,0,0,0,0,0,0,0,0,0,0,0,0,0,0,0,0,0,0,0,0,0,0,0,0,0,0,0,0,0,0,0,0,0,0,0,0,0,0,0,0,0,0,0,0,0,0,0,0,0,0,0,0,0,0,0,0,0,0,0,0,0,0,0,0,0,0,0,0,0,0,0,0,0,0,0,0,0,1,0,0,0,0,0,0,0,1,0,0,0,0,0,1,0,0,0,0,0,0,0,0,0,0,0,0,0,0,0,0,0,1,0,0,1,0,0,0,0,0,0,0,0,0,0,0,0,0,0,0,0,0,0,0,0,0,0,0,0,0,0,0,0,0,0,0,0,0,0,0,0,0,0,0,0,0
"Chad",0,0,0,0,0,0,0,0,0,0,0,0,0,0,0,0,0,0,0,0,0,0,0,0,0,0,0,0,0,0,0,0,0,0,0,0,0,0,0,0,0,0,0,0,0,0,0,0,0,0,0,0,0,0,0,0,0,0,0,0,0,0,0,0,0,0,0,0,0,0,0,0,0,0,0,0,0,0,0,0,0,0,0,0,0,0,0,0,0,0,0,0,0,0,0,0,0,0,0,0,0,0,0,0,0,0,0,0,0,0,0,0,0,0,0,0,0,0,0,0,0,0,0,0,0,0,0,0,0,0,0,0,0,0,0,0,0,0,0,0,0,0,0,0,0,0,0,0,0,0,0,0,0,0,0,0,0,0,0,0,1,0,0,0,0,0,0,0,0,0,0,0,0,0,0,0,0,0,0,0,0,0,0,0,0,0,0,0,0,0,0,0,0,0,0,0,0,0,0,0,0,0,0,0,0,0,0,0,0,0,0,0,0
"Chile",0,0,0,0,0,0,0,0,0,0,2,0,0,0,0,0,0,0,0,0,0,1,1,0,0,0,1,0,1,0,3,1,1,1,3,0,0,0,0,0,1,0,0,0,0,1,2,1,1,0,1,0,2,2,1,2,0,1,3,1,2,2,1,3,1,4,2,3,1,1,1,5,3,0,5,2,0,3,0,1,1,0,0,0,2,3,1,1,0,2,4,1,2,2,2,2,0,2,4,2,6,3,5,9,4,1,1,1,4,2,2,4,4,9,2,6,2,3,9,3,0,5,3,3,10,5,7,11,5,4,6,8,8,2,6,9,7,4,5,9,7,8,5,14,15,7,7,12,14,7,10,10,9,12,13,10,15,8,4,8,8,6,5,1,6,6,7,10,5,0,4,4,4,3,4,2,3,4,2,3,1,0,1,0,1,1,1,1,1,0,1,0,2,0,0,0,1,1,0,0,0,0,0,0,0,0,0,0,0,0,0,0,0
"China",0,0,0,0,0,0,0,0,1,1,1,1,0,1,0,0,1,0,0,0,2,0,0,0,0,0,2,1,0,0,0,0,0,0,0,0,2,2,0,0,3,0,0,0,0,1,0,1,0,1,1,1,0,1,1,0,0,2,2,1,2,2,0,0,1,3,2,2,2,0,1,1,2,5,0,2,2,2,0,1,2,2,4,3,3,4,6,3,5,4,10,7,7,14,5,6,7,10,16,6,12,8,13,11,12,5,11,8,9,6,17,20,14,14,12,14,13,17,16,22,25,17,6,24,13,9,14,22,12,19,22,20,16,18,28,31,22,19,15,18,19,14,7,14,13,14,14,23,13,13,10,10,20,17,11,13,11,16,12,18,11,18,24,32,18,19,15,7,5,9,6,3,7,6,2,6,1,5,4,1,4,6,5,2,6,3,0,2,0,1,0,1,2,0,0,0,0,0,1,0,0,0,0,0,0,0,0,0,0,0,0,0,0
"Colombia",1,0,0,0,0,1,0,0,0,0,0,0,0,0,0,0,0,0,0,0,0,0,1,0,0,0,0,0,1,1,2,0,0,0,1,1,0,0,0,1,0,0,0,0,2,0,0,0,0,0,0,0,0,0,1,2,0,1,3,1,1,0,1,0,1,3,1,0,0,1,0,0,0,1,0,1,0,1,0,0,0,0,0,0,1,1,1,1,0,1,2,0,1,0,2,2,0,3,0,1,1,2,0,0,1,0,2,0,2,1,1,4,3,2,1,1,1,2,1,0,4,3,4,1,0,3,4,1,1,1,2,3,3,3,2,3,3,1,5,5,3,0,4,3,7,1,6,8,5,3,2,1,8,3,5,4,7,5,5,5,1,4,4,3,4,2,3,0,4,5,4,4,2,5,2,1,3,2,1,1,4,1,2,1,2,1,0,1,1,0,0,0,0,0,0,0,0,0,0,0,0,0,0,0,0,0,0,0,0,0,0,0,0
"Congo",0,0,0,0,0,0,0,0,0,0,0,0,0,0,0,0,0,0,0,0,0,0,0,0,0,0,0,0,0,0,0,0,0,0,0,0,0,0,0,0,0,0,0,0,0,0,0,0,0,0,0,0,0,0,0,0,0,0,0,0,0,0,0,0,0,0,0,0,0,0,0,0,0,0,0,0,0,0,0,0,0,0,0,0,0,0,0,0,0,0,0,0,0,0,0,0,0,0,0,0,0,0,0,0,0,0,0,0,0,0,0,0,0,0,0,0,0,0,0,0,0,0,0,0,0,0,0,0,0,0,0,0,0,0,0,1,1,0,0,0,0,0,0,0,0,0,0,0,0,0,0,0,0,1,2,0,0,0,0,0,0,0,0,1,0,0,0,0,0,0,0,0,0,0,0,0,0,0,0,0,0,0,0,0,0,0,0,0,0,0,0,0,0,0,0,0,0,0,0,0,0,0,0,0,0,0,0,0,0,0,0,0,0
"Costa Rica",0,0,0,0,0,0,0,0,0,0,0,0,0,0,0,0,0,0,0,0,0,0,0,0,0,0,1,0,0,0,0,0,0,0,0,1,0,0,0,0,0,0,0,0,0,0,1,0,0,0,0,0,0,0,0,0,0,0,0,0,0,1,0,0,0,2,0,0,1,0,1,0,0,0,0,2,0,0,0,0,0,0,0,0,0,0,0,0,0,1,0,0,0,0,0,2,1,1,0,0,0,1,0,0,1,0,1,0,1,0,0,1,0,0,0,1,1,1,1,1,1,1,0,0,0,2,1,0,1,0,0,0,0,1,1,1,0,0,0,2,1,2,0,0,1,0,0,2,1,0,2,0,3,2,1,0,0,0,3,0,1,3,2,1,0,1,0,0,0,0,1,0,1,0,1,0,0,0,1,1,0,0,0,0,0,0,0,0,0,0,0,0,0,0,0,0,0,0,0,0,0,0,0,0,0,0,0,0,0,0,0,0,0
"Croatia",1,0,2,0,0,1,0,0,0,1,0,1,2,0,1,0,1,0,0,1,0,0,0,0,2,0,1,1,1,0,0,0,1,1,2,4,1,0,1,0,1,1,0,2,1,2,2,2,0,2,0,1,0,1,1,1,4,3,1,1,1,1,0,2,0,3,1,1,2,2,0,0,0,1,2,2,0,0,1,4,0,1,1,1,1,0,3,1,3,3,3,2,2,1,2,3,3,3,1,1,1,2,5,1,0,2,4,4,1,2,1,2,2,7,2,2,2,4,4,2,2,2,8,7,10,2,2,4,4,8,8,3,3,4,3,2,2,3,4,6,2,3,2,1,2,5,6,3,2,2,1,5,5,3,1,5,3,3,0,3,0,0,2,3,3,2,6,3,3,0,3,2,2,0,2,1,2,3,0,1,0,2,0,2,2,0,0,0,1,0,0,0,0,0,0,0,0,0,0,0,0,0,0,0,0,0,0,0,0,0,0,0,0
"Cuba",1,0,0,0,0,0,0,0,0,1,0,0,1,0,0,0,2,0,0,0,0,0,0,0,0,0,0,0,0,0,0,0,0,1,1,0,0,0,2,1,1,0,0,0,1,1,1,0,3,0,0,0,1,1,0,1,0,0,0,0,1,1,0,1,1,1,1,2,1,0,0,0,0,0,0,0,0,0,1,1,1,1,0,0,0,0,0,0,0,2,0,0,0,1,0,0,3,0,0,1,1,0,1,1,1,0,1,0,0,1,0,2,3,0,0,1,1,1,2,0,1,3,0,2,1,0,3,0,3,1,3,2,0,1,3,1,4,2,1,1,4,0,5,4,3,2,8,4,5,6,4,4,3,2,5,3,2,3,3,1,5,1,5,3,1,1,2,2,0,0,2,1,2,0,0,0,0,0,0,0,0,0,0,0,1,1,0,0,0,0,0,0,0,1,0,0,0,0,0,0,0,0,0,0,0,0,0,0,0,0,0,0,0
"Cyprus",0,0,0,0,0,0,0,0,0,0,0,0,0,0,0,0,0,0,0,0,0,0,0,0,0,0,0,0,0,0,0,0,0,0,0,0,0,0,0,0,0,0,0,0,0,0,0,0,0,0,0,0,0,0,0,0,0,0,0,0,0,0,0,0,0,0,0,0,0,0,0,0,0,0,0,0,0,0,0,0,0,0,0,0,0,0,0,0,0,0,0,0,0,0,0,0,0,0,0,0,0,0,0,0,0,0,0,0,0,0,0,0,0,0,0,0,0,0,0,0,0,0,1,0,0,0,1,0,1,0,0,0,1,0,0,0,0,1,0,0,0,1,1,0,0,0,1,0,0,0,1,0,0,0,1,0,1,0,0,2,0,0,1,0,0,0,1,0,0,1,0,0,0,0,0,1,0,0,0,0,0,0,0,0,0,0,0,0,0,0,0,0,0,0,0,0,0,0,0,1,0,0,0,0,0,0,0,0,0,0,0,0,0
"Czechia",3,13,5,7,7,6,3,9,8,5,6,4,8,6,8,10,3,6,5,7,6,9,9,8,8,8,7,6,4,5,5,10,9,5,14,8,9,7,16,11,5,17,11,11,12,14,11,12,14,8,16,14,7,15,16,19,16,19,11,10,14,21,13,11,13,14,16,14,21,18,21,10,21,14,13,16,17,21,15,23,20,26,20,19,19,14,20,19,21,15,20,25,10,14,14,18,13,17,14,14,18,23,22,22,20,17,24,20,13,19,8,15,17,11,10,8,7,13,13,23,18,25,21,24,31,37,28,25,37,34,40,39,36,32,24,25,32,31,28,27,42,37,32,39,53,20,18,6,15,10,11,7,11,7,10,7,7,9,6,5,7,3,2,4,4,5,5,6,8,4,3,4,4,4,3,2,2,3,4,2,0,3,1,0,0,0,0,0,0,0,0,0,0,0,0,0,0,0,0,0,0,0,0,0,0,0,0,0,0,0,0,0,0
"Côte d'Ivoire",0,0,0,0,0,0,0,0,0,0,0,0,0,0,0,0,0,0,0,0,0,0,0,0,0,0,0,0,0,0,0,0,0,0,0,0,0,0,0,0,0,0,0,0,0,0,0,0,0,0,0,0,0,0,0,0,0,0,0,0,0,0,0,0,0,0,0,0,0,0,0,0,0,0,0,0,0,0,0,0,0,0,0,0,0,0,0,0,0,0,0,0,0,0,0,0,0,0,0,0,0,0,0,0,0,0,0,0,0,0,0,0,0,0,0,0,0,0,1,0,0,0,0,0,0,0,0,0,0,0,1,1,0,0,1,0,1,0,0,1,0,0,2,0,0,0,0,0,0,0,0,0,0,0,0,1,0,1,0,0,0,0,0,0,0,0,0,0,1,0,0,0,0,0,0,0,0,0,0,0,0,0,0,0,0,0,0,0,0,0,0,0,0,0,0,0,0,0,0,0,0,0,0,0,0,0,0,0,0,0,0,0,0
"Dem. Rep. Congo",0,0,0,0,0,0,0,0,0,0,0,0,0,0,0,0,0,0,0,0,0,0,0,0,0,0,0,0,0,0,0,0,0,0,0,0,0,0,0,0,0,0,0,0,0,0,0,0,0,0,0,0,0,0,0,0,0,0,0,0,0,0,0,0,0,0,0,0,0,0,0,0,0,0,0,0,0,0,0,0,0,0,0,1,0,0,0,0,0,0,0,0,0,0,0,0,0,0,0,0,0,0,0,0,0,0,0,0,0,0,0,0,0,0,0,0,0,0,0,0,0,1,0,0,0,1,0,0,0,0,0,0,0,0,0,0,0,0,1,0,1,2,0,0,2,1,1,2,3,1,0,2,0,3,2,1,0,0,0,0,3,1,1,1,0,0,0,0,0,0,0,0,0,0,0,0,0,0,0,1,0,0,0,0,0,0,0,0,0,0,0,0,0,0,0,0,0,0,0,0,0,0,0,0,0,0,0,0,0,0,0,0,0
"Denmark",2,3,2,2,2,2,1,1,2,3,3,4,3,4,5,6,4,2,9,3,3,5,8,5,4,5,2,5,0,4,5,5,1,2,5,4,6,3,5,6,5,3,9,10,3,4,6,3,4,7,8,4,4,6,6,12,3,7,9,4,4,5,6,4,3,2,8,9,5,6,5,8,10,16,10,6,6,5,7,5,4,4,3,5,4,8,5,7,8,3,6,3,9,8,6,5,11,5,2,3,5,4,3,5,7,6,1,5,4,8,5,4,5,2,0,9,3,5,10,6,4,4,11,5,3,2,5,2,6,4,4,4,3,2,3,7,4,5,5,2,5,13,8,8,9,8,11,6,8,6,6,3,7,6,2,4,3,3,6,4,7,4,3,6,3,4,4,3,4,3,7,5,2,1,4,5,2,1,0,3,0,2,1,0,0,2,0,0,0,0,2,0,0,0,0,0,0,0,0,0,0,0,0,0,0,0,0,0,0,0,0,0,0
"Dominican Rep.",0,0,0,0,0,0,0,0,0,0,0,0,0,0,0,0,0,0,0,0,0,0,0,0,1,0,0,0,1,0,0,0,0,0,0,0,0,0,0,0,0,0,0,0,0,0,0,0,0,0,0,1,0,0,0,0,0,0,0,0,0,0,0,0,0,0,0,0,0,0,0,0,0,0,0,0,0,1,0,0,0,0,0,1,1,1,1,1,0,0,0,0,0,0,0,1,0,0,0,0,0,0,0,1,0,1,0,0,0,0,1,0,0,1,0,0,0,0,0,1,0,0,0,1,1,0,0,0,0,0,0,1,1,0,1,0,1,1,1,1,2,0,2,0,0,0,0,3,2,0,3,1,2,0,0,1,4,1,0,1,1,1,1,0,1,0,1,0,0,0,0,0,0,0,0,0,0,0,0,0,0,0,0,0,0,0,0,1,0,0,0,0,0,0,0,0,0,0,0,0,0,0,0,1,0,0,0,0,0,0,0,0,0
"Ecuador",0,0,0,0,0,0,0,0,0,0,0,0,0,0,0,0,0,0,0,0,0,0,0,0,0,0,0,0,0,0,0,0,0,0,0,0,0,0,0,0,0,0,0,0,1,0,0,0,0,0,0,1,0,0,0,0,0,0,0,0,0,0,1,0,0,0,1,0,0,0,0,0,0,0,0,0,0,0,0,0,0,0,0,1,0,0,0,0,0,0,0,0,0,1,0,1,0,0,1,0,0,0,0,0,1,0,0,0,0,1,1,1,0,1,1,1,0,1,1,1,0,1,0,0,1,1,2,0,1,1,0,1,3,0,1,0,2,2,2,3,3,2,1,0,1,3,3,2,2,2,1,1,0,4,0,0,1,0,1,1,1,1,1,1,1,0,2,0,1,0,1,1,2,0,1,1,1,0,0,0,0,0,0,0,0,0,1,0,0,0,0,0,0,0,0,0,0,0,0,0,0,0,0,0,0,0,0,0,0,0,0,0,0
"Egypt",0,1,0,0,0,0,0,0,0,0,0,0,0,0,0,0,0,0,0,0,0,0,0,0,0,0,0,0,0,0,0,0,0,0,0,0,0,0,0,0,0,0,0,0,0,0,0,0,0,0,0,1,0,0,0,1,0,0,1,0,0,0,1,0,0,1,1,2,2,1,0,1,2,0,1,0,1,1,1,0,1,0,1,0,0,1,0,1,0,1,0,1,2,0,0,3,0,0,3,0,0,1,2,1,3,4,1,2,2,0,3,3,1,4,2,1,2,5,5,2,4,4,3,1,8,3,2,4,6,3,5,4,5,9,3,5,5,4,7,3,5,5,5,14,8,4,5,14,4,4,8,7,1,6,6,6,4,5,4,2,2,2,1,2,2,0,1,3,0,1,1,0,0,2,3,0,1,0,4,0,1,0,0,0,1,0,0,0,0,0,0,0,0,0,0,0,0,0,0,0,0,0,0,0,0,0,0,0,0,0,0,0,0
"El Salvador",0,0,0,0,0,0,0,0,0,0,0,0,0,0,0,0,0,0,0,0,0,0,0,0,0,0,0,0,0,0,0,0,0,0,0,0,0,0,0,0,0,0,0,1,0,0,0,0,0,0,0,0,0,0,0,0,0,0,0,0,0,0,0,0,0,0,0,0,1,0,0,0,0,1,0,0,0,0,0,0,0,0,0,0,0,0,0,0,1,0,0,2,0,0,0,0,0,0,0,0,0,0,0,0,0,0,1,0,1,0,0,1,0,0,0,0,0,0,0,0,0,0,1,0,0,0,0,0,0,1,0,0,0,1,0,1,0,0,0,0,0,0,1,1,0,0,0,0,0,0,1,1,2,0,0,0,0,0,1,0,1,0,1,0,0,0,0,0,0,1,0,1,0,0,0,0,0,0,0,0,0,0,0,0,0,0,0,0,0,0,0,0,0,0,0,0,0,0,0,0,0,0,0,0,0,0,0,0,0,0,0,0,0
"Eq. Guinea",0,0,0,0,0,0,0,0,0,0,0,0,0,0,0,0,0,0,0,0,0,0,0,0,0,0,0,0,0,0,0,0,0,0,0,0,0,0,0,0,0,0,0,0,0,0,0,0,0,0,0,0,0,0,0,0,0,0,0,0,0,0,0,0,0,0,0,0,0,0,0,0,0,0,0,0,0,0,0,0,0,0,0,0,0,0,0,0,0,0,0,0,0,0,0,0,0,0,0,0,0,0,0,0,0,0,0,0,0,0,0,0,0,0,0,0,0,0,0,0,0,0,0,0,0,0,0,0,1,0,0,0,0,0,0,0,0,0,0,0,0,0,0,0,0,0,0,0,0,0,0,0,0,0,0,1,0,0,0,0,0,0,0,0,0,0,0,0,0,0,0,0,0,0,0,0,0,0,0,0,0,0,0,0,0,0,0,0,0,0,0,0,0,0,0,0,0,0,0,0,0,0,0,0,0,0,0,0,0,0,0,0,0
"Eritrea",0,0,0,0,0,0,0,0,0,0,0,0,0,0,0,0,0,0,0,0,0,0,0,0,0,0,0,0,0,0,0,0,0,0,0,0,0,0,0,0,0,0,0,0,0,0,0,0,0,0,0,0,0,0,0,0,0,0,0,0,0,0,0,0,0,0,0,0,0,0,0,0,0,0,0,0,0,0,0,0,0,0,0,0,0,0,0,0,0,0,0,0,0,0,0,0,0,0,0,0,0,0,0,0,0,0,0,0,0,0,0,0,0,0,0,0,0,0,0,0,0,0,0,0,0,0,0,1,0,0,0,0,0,0,0,0,0,2,0,0,1,0,0,0,0,0,0,0,0,0,0,0,0,0,0,0,0,0,0,0,0,0,0,0,0,0,0,0,0,0,0,0,0,0,0,0,0,0,0,0,0,0,0,0,0,0,0,0,0,0,0,0,0,0,0,0,0,0,0,0,0,0,0,0,0,0,0,0,0,0,0,0,0
"Estonia",0,3,1,2,3,1,0,0,4,2,0,1,2,1,1,0,2,2,0,2,0,1,2,2,1,0,1,1,0,0,1,0,1,1,2,1,1,0,3,4,1,2,1,3,2,1,0,2,0,4,1,6,1,2,1,1,1,1,2,3,2,1,0,2,4,4,2,0,2,1,2,1,0,2,3,2,1,3,5,0,4,4,2,4,6,5,2,5,3,0,3,3,1,5,4,1,0,4,6,2,4,5,4,1,2,2,2,4,1,5,1,1,3,1,1,3,1,0,3,1,2,2,1,3,0,7,6,3,7,7,2,0,3,0,2,5,5,4,2,1,2,0,0,2,0,0,2,1,0,2,2,3,1,2,4,2,3,4,1,5,1,1,1,1,1,1,1,1,0,1,0,4,2,2,1,1,0,0,0,0,0,1,0,0,0,0,0,1,0,1,0,0,0,0,0,0,0,0,0,0,0,0,0,0,0,0,0,0,0,0,0,0,0
"Ethiopia",0,0,0,0,0,0,0,0,0,0,0,0,0,0,0,0,0,0,0,0,0,0,0,0,0,0,0,0,0,0,0,0,0,0,0,0,0,0,0,0,0,0,0,0,0,0,0,0,0,0,0,0,0,0,0,0,0,0,0,0,0,0,0,0,0,0,0,0,0,0,0,0,0,0,0,0,0,0,0,0,0,0,0,0,0,0,0,0,0,0,0,0,0,0,0,1,0,0,0,0,0,0,0,0,0,1,0,0,1,0,0,0,0,0,0,0,0,0,0,0,0,0,0,1,0,0,0,1,1,0,0,0,2,1,1,1,2,0,1,0,1,0,2,1,0,0,0,1,0,0,2,0,0,1,1,1,1,0,0,0,1,1,0,0,0,0,1,0,1,1,0,0,0,0,0,0,0,0,0,1,0,0,0,0,0,0,0,0,0,0,0,0,0,0,0,0,0,0,0,0,0,0,0,0,0,0,0,0,0,0,0,0,0
"Falkland Is.",0,0,0,0,0,0,0,0,0,0,0,0,0,0,0,0,0,0,0,0,0,0,0,0,0,0,0,0,0,0,0,0,0,0,0,0,0,0,0,0,0,0,0,0,0,0,0,0,0,0,0,0,0,0,0,0,0,0,0,0,0,0,0,0,0,0,0,0,0,0,0,0,0,0,0,0,0,0,0,0,0,0,0,0,0,0,0,0,0,0,0,0,0,0,0,0,0,0,0,0,0,0,0,0,0,0,1,0,0,0,0,0,0,0,0,0,0,0,0,0,0,0,0,0,0,0,0,0,0,0,0,0,0,0,0,0,0,0,0,0,0,0,0,0,0,0,0,0,0,0,0,0,0,0,0,0,0,0,0,0,0,0,0,0,0,0,0,0,0,0,0,0,0,0,0,0,0,0,0,0,0,0,0,0,0,0,0,0,0,0,0,0,0,0,0,0,0,0,0,0,0,0,0,0,0,0,0,0,0,0,0,0,0
"Fiji",0,0,0,0,0,0,0,0,0,0,0,0,0,0,0,0,0,0,0,0,0,0,0,0,0,0,0,0,0,0,0,0,0,0,0,0,0,0,0,0,0,0,0,0,0,0,0,0,0,0,0,0,0,0,0,0,0,0,0,0,0,0,0,0,0,0,0,0,0,0,0,0,0,0,0,0,0,0,0,0,0,0,0,0,0,0,0,0,0,0,0,0,0,0,0,0,0,0,0,0,0,0,0,0,0,0,0,0,0,0,0,1,0,0,0,0,0,0,0,0,0,0,0,0,0,0,0,0,0,0,0,0,0,0,0,0,0,0,0,0,0,0,0,0,0,1,0,0,0,0,0,0,1,0,0,0,0,0,0,0,0,0,0,0,0,0,0,0,0,0,1,0,0,0,0,0,0,0,0,0,0,0,0,0,0,0,0,0,0,0,0,0,0,0,0,0,0,0,0,0,0,0,0,0,0,0,0,0,0,0,0,0,0
"Finland",1,1,2,1,0,3,0,1,0,0,5,0,0,2,1,1,0,1,3,1,3,5,4,3,1,1,2,3,3,0,2,2,1,0,2,1,3,1,4,4,0,4,9,3,3,2,1,4,5,3,3,3,4,5,6,2,0,6,4,0,5,4,6,6,3,4,3,3,6,4,8,2,6,7,2,5,10,6,6,8,8,6,7,6,12,9,5,5,7,4,7,6,7,8,4,12,2,4,3,4,6,7,4,3,5,6,4,8,8,7,5,8,7,8,4,9,8,4,9,6,7,6,7,3,13,8,8,9,12,7,11,15,6,11,9,6,10,10,9,10,11,19,9,11,7,11,20,9,17,10,8,4,18,11,7,6,5,5,7,7,6,2,3,2,4,3,3,3,4,2,2,4,3,3,0,2,3,2,2,0,0,1,2,0,1,1,1,1,1,0,1,0,0,0,0,0,0,0,0,0,0,0,0,0,0,0,0,0,0,0,0,0,0
"France",39,55,51,35,43,41,37,41,38,55,37,41,54,41,69,68,45,60,39,40,57,46,50,49,50,48,45,52,62,50,54,36,44,54,56,50,57,54,54,55,59,58,69,69,76,55,57,52,50,54,46,52,73,65,61,53,75,70,63,72,69,69,76,60,65,64,62,70,67,52,77,56,84,76,73,61,78,78,55,71,67,79,58,52,59,69,51,43,51,57,48,62,56,58,52,66,49,58,68,45,85,81,75,80,79,72,79,75,81,72,93,81,100,80,81,70,55,62,60,65,144,134,98,125,122,112,105,109,84,88,89,86,95,92,98,79,100,83,98,87,92,84,116,118,120,103,150,147,126,123,95,79,98,92,80,91,56,84,54,74,72,69,68,54,62,57,47,54,47,52,38,43,40,23,31,23,20,20,12,10,12,12,10,5,2,6,5,2,1,4,0,2,0,2,0,2,1,1,0,0,0,0,0,0,0,0,0,0,0,1,0,0,0
"Gabon",0,0,0,0,0,0,0,0,0,0,0,0,0,0,0,0,0,0,0,0,0,0,0,0,0,0,0,0,0,0,0,0,0,0,0,0,0,0,0,0,0,0,0,0,0,0,0,0,0,0,0,0,0,0,0,0,0,0,0,0,0,0,0,0,0,0,0,0,0,0,0,0,0,0,0,0,0,0,0,0,0,0,0,0,0,0,0,0,0,0,0,0,0,0,0,0,0,0,0,0,0,0,0,0,0,0,0,0,0,0,0,0,0,0,0,0,0,0,0,0,0,0,0,0,0,0,0,0,0,0,0,0,0,0,0,0,0,0,0,0,0,0,0,0,0,0,0,1,0,0,0,1,0,0,0,0,0,0,0,0,0,0,0,1,0,0,0,0,0,0,0,0,0,0,0,0,0,0,0,0,0,0,0,0,0,0,0,0,0,0,0,0,0,0,0,0,0,0,0,0,0,0,0,0,0,0,0,0,0,0,0,0,0
"Gambia",0,0,0,0,0,0,0,0,0,0,0,0,0,0,0,0,0,0,0,0,0,0,0,0,0,0,0,0,0,0,0,0,0,0,0,0,0,0,0,0,0,0,0,0,0,0,0,0,0,0,0,0,0,0,0,0,0,0,0,0,0,0,0,0,0,0,0,0,0,0,0,0,0,0,0,0,0,0,0,0,0,0,0,0,0,0,0,0,0,0,0,0,0,0,0,0,0,0,0,0,0,0,0,0,0,0,0,0,0,0,1,0,0,0,0,0,0,0,0,0,0,0,0,0,0,0,0,0,0,0,0,0,1,0,0,0,0,0,0,0,0,0,1,1,1,0,0,0,0,0,0,1,0,0,0,0,0,0,0,0,0,0,0,0,0,0,0,0,0,0,0,0,0,0,0,0,0,0,0,0,0,0,0,0,0,0,0,0,0,0,0,0,0,0,0,0,0,0,0,0,0,0,0,0,0,0,0,0,0,0,0,0,0
"Georgia",0,0,0,0,1,1,0,0,0,0,0,0,0,0,0,0,0,0,0,0,0,0,0,0,0,0,1,0,0,0,0,0,0,0,0,0,0,1,0,0,1,0,0,0,1,1,1,0,0,0,1,0,0,0,0,0,0,1,1,1,0,0,1,1,3,0,0,0,1,0,0,1,1,3,1,2,3,1,1,2,1,0,5,2,1,0,3,2,3,1,1,5,1,3,2,2,1,0,2,3,8,4,0,4,2,2,2,4,4,5,0,6,0,3,2,3,2,1,2,1,1,1,1,2,2,3,4,3,3,2,6,2,4,4,1,2,0,1,2,2,3,1,2,0,2,0,3,1,3,1,1,0,3,2,0,3,1,1,0,1,2,1,1,4,2,0,1,0,0,1,0,1,0,4,0,0,1,0,1,1,0,2,0,0,0,0,0,0,0,0,0,0,0,0,0,0,0,0,0,0,0,0,0,0,0,0,0,0,0,0,0,0,0
"Germany",81,76,93,101,93,107,96,88,100,96,71,85,97,87,82,70,80,87,92,79,90,93,90,80,84,86,82,80,98,93,112,86,104,101,105,101,104,110,118,120,119,110,139,125,130,122,116,129,138,115,127,122,144,123,133,127,145,148,155,141,179,177,151,158,156,167,166,164,160,162,160,179,142,154,190,189,206,216,222,237,207,198,227,218,192,229,221,198,241,221,216,209,230,217,183,200,209,200,240,272,330,308,280,269,262,244,265,255,273,280,292,287,259,210,161,176,121,116,133,182,270,257,243,266,286,345,374,396,464,445,422,392,356,334,421,432,447,483,480,516,509,525,471,491,443,352,388,438,444,423,402,388,410,427,418,440,411,414,389,406,463,432,406,412,422,394,389,352,292,264,245,237,140,155,131,104,80,71,68,45,39,37,22,24,9,10,8,9,3,4,5,3,1,2,1,0,1,3,0,0,1,0,0,0,0,0,0,0,0,0,0,0,0
"Ghana",0,0,0,0,0,0,0,0,0,0,0,0,0,0,0,0,0,0,0,0,0,0,0,0,0,0,0,1,0,0,0,0,1,1,1,0,0,0,0,0,0,0,1,0,0,0,0,0,0,0,0,0,0,0,0,0,0,0,0,0,0,0,0,0,0,0,0,0,0,0,0,0,0,0,0,0,0,0,0,0,0,1,0,0,0,0,0,0,0,0,0,0,0,0,0,0,0,0,0,0,0,0,2,0,1,0,0,0,1,0,0,0,1,0,1,0,0,1,0,2,0,0,1,0,1,1,0,0,1,0,2,3,2,0,2,2,1,0,0,0,1,0,3,0,1,3,0,2,1,2,4,1,1,0,1,1,0,1,1,1,0,0,2,2,1,1,1,0,0,0,1,0,0,2,0,0,0,0,0,0,0,0,1,0,0,0,0,0,0,0,0,0,1,0,0,0,0,0,0,0,0,0,0,0,0,0,0,0,0,0,0,0,0
"Greece",0,0,0,0,0,0,0,0,0,0,1,1,0,0,0,0,0,0,0,0,1,0,0,0,0,1,1,0,0,0,1,0,1,0,0,0,0,2,0,1,2,1,1,2,2,0,2,1,1,0,0,1,5,0,0,0,1,0,1,1,0,0,1,0,1,0,0,5,1,0,1,0,2,0,4,1,2,0,1,1,2,1,3,3,4,2,1,2,1,3,0,0,1,0,0,3,3,2,2,2,4,2,2,0,2,1,2,5,3,1,2,2,2,2,2,0,0,0,1,4,1,4,2,2,4,3,3,7,5,2,4,5,9,6,9,6,9,9,9,7,8,4,6,6,6,5,12,11,6,4,7,7,7,10,4,5,8,4,5,8,4,12,7,7,2,4,4,4,4,5,5,3,0,1,1,2,2,1,1,0,0,1,0,1,0,0,1,0,1,1,1,2,0,0,0,0,0,0,0,0,0,0,0,0,0,0,0,0,0,0,0,0,0
"Greenland",0,0,0,0,0,0,0,0,0,0,0,0,0,0,1,0,0,0,0,0,0,0,0,0,0,0,0,0,0,0,0,0,0,0,1,0,0,0,0,0,0,0,0,0,0,0,0,0,0,0,0,0,0,0,0,0,0,0,0,0,0,0,0,0,0,0,0,0,0,0,0,0,0,0,0,0,0,0,0,0,1,0,0,0,0,0,0,0,0,0,0,0,1,0,0,0,0,0,0,0,1,0,0,0,0,0,0,0,2,0,0,0,0,0,1,0,0,0,0,0,0,0,0,0,0,0,0,0,0,0,0,0,0,0,0,0,0,0,0,0,0,0,1,0,0,0,0,0,0,0,0,0,0,0,0,0,1,1,0,0,1,0,0,0,0,0,0,0,0,0,0,0,1,0,0,0,0,0,0,0,0,0,0,0,0,0,0,0,0,0,0,0,0,0,0,0,0,0,0,0,0,0,0,0,0,0,0,0,0,0,0,0,0
"Guatemala",0,0,0,0,0,0,0,0,0,0,0,0,0,0,0,0,0,0,0,0,0,0,0,0,0,0,0,0,0,0,0,0,0,0,0,0,0,0,0,0,0,0,0,0,0,0,0,0,0,0,0,0,0,0,0,1,0,0,1,1,0,0,0,0,0,0,0,0,1,0,0,1,0,0,0,0,0,0,1,1,0,0,0,1,0,0,1,0,0,0,0,0,0,0,0,0,0,0,0,1,0,1,0,1,1,0,0,0,0,1,1,0,0,0,0,0,0,0,1,0,0,0,1,0,1,3,2,0,1,0,1,1,0,0,0,0,0,0,1,0,0,0,0,0,0,0,1,0,1,2,0,0,0,1,1,1,1,1,0,0,1,0,0,0,0,0,1,0,0,0,1,1,0,0,0,0,0,0,1,0,1,0,0,0,0,0,0,0,0,1,0,0,1,0,0,0,0,0,0,0,0,0,0,0,0,0,0,0,0,0,0,0,0
"Guinea",0,0,0,0,0,0,0,0,0,0,0,0,0,0,0,0,0,0,0,0,0,0,0,0,0,0,0,0,0,0,0,0,0,0,0,0,0,0,0,0,0,0,0,0,0,0,0,0,0,0,0,0,0,0,0,0,0,0,0,0,0,0,0,0,0,0,0,0,0,0,0,0,0,0,0,0,0,0,0,0,0,0,0,0,0,0,0,0,0,0,0,0,0,0,0,0,0,0,0,0,0,0,0,0,0,0,0,0,0,0,0,0,0,0,0,0,0,0,0,0,0,0,0,0,0,0,0,0,0,0,0,0,0,0,0,0,0,0,1,1,0,0,0,0,0,1,0,0,0,0,0,0,0,0,0,0,0,0,0,0,0,0,0,0,0,0,0,0,0,0,0,0,0,0,0,0,0,0,0,0,0,0,0,0,0,0,0,0,0,0,0,0,0,0,0,0,0,0,0,0,0,0,0,0,0,0,0,0,0,0,0,0,0
"Guinea-Bissau",0,0,0,0,0,0,0,0,0,0,0,0,0,0,0,0,0,0,0,0,0,0,0,0,0,0,0,0,0,0,0,0,0,0,0,0,0,0,0,0,0,0,0,0,0,0,0,0,0,0,0,0,0,0,0,0,0,0,0,0,0,0,0,0,0,0,0,0,0,0,0,0,0,0,0,0,0,0,0,0,0,0,0,0,0,0,0,0,0,0,0,0,0,0,0,0,0,0,0,0,0,0,0,0,0,0,0,0,0,0,0,0,0,0,0,0,0,0,0,0,0,0,0,0,0,0,0,0,0,0,0,0,0,0,0,0,0,0,0,0,0,0,0,0,0,0,0,0,0,0,0,0,0,0,0,0,0,1,1,0,1,0,0,0,0,0,0,0,0,0,0,0,1,0,0,0,0,0,0,0,0,0,0,0,0,0,0,0,0,0,0,0,0,0,0,0,0,0,0,0,0,0,0,0,0,0,0,0,0,0,0,0,0
"Guyana",0,0,0,0,0,0,0,0,0,0,0,0,0,0,0,0,0,0,0,0,0,0,0,0,0,0,1,0,0,0,0,0,0,0,0,0,0,0,0,0,0,0,0,0,0,0,0,0,0,1,0,0,0,0,0,1,0,0,0,0,0,0,0,0,0,0,0,0,0,0,0,0,0,0,0,0,0,0,0,0,0,0,0,0,0,0,0,0,0,0,0,0,0,0,0,0,0,0,0,0,0,0,0,0,0,1,0,0,0,0,0,0,0,0,1,0,0,1,0,0,0,0,0,0,0,1,0,0,0,0,1,0,0,0,0,1,0,0,0,0,0,0,0,0,0,0,0,0,0,1,1,0,0,0,0,0,0,1,0,0,1,0,0,0,1,0,0,0,1,0,0,0,0,0,0,0,0,0,0,0,0,0,0,0,0,0,0,0,0,0,0,0,0,0,0,0,0,0,0,0,0,0,0,0,0,0,0,0,0,0,0,0,0
"Haiti",0,0,0,0,0,0,0,1,0,0,0,0,0,0,1,0,0,0,0,0,0,0,0,1,0,0,0,0,0,0,0,0,0,0,0,0,0,0,0,0,0,0,0,0,0,0,0,0,0,0,1,0,0,0,0,0,0,0,0,0,0,0,1,1,0,0,0,0,0,0,1,0,0,0,0,0,2,1,0,0,1,0,0,1,0,0,1,0,0,1,1,0,0,0,1,0,0,0,1,0,0,0,0,0,0,1,0,1,0,0,0,0,1,0,0,0,1,1,0,1,0,0,1,1,0,0,1,0,0,0,0,2,0,1,0,0,1,0,1,0,0,1,0,1,1,1,0,0,1,1,1,0,0,1,0,0,0,0,0,1,0,0,1,0,0,0,0,0,0,0,0,0,0,0,0,0,0,0,0,0,0,0,0,0,0,0,0,0,0,0,0,0,0,0,0,0,0,0,0,0,0,0,0,0,0,0,0,0,0,0,0,0,0
"Honduras",0,0,0,0,0,0,0,0,0,0,0,0,0,0,0,0,0,0,0,0,0,0,0,0,0,0,0,0,0,0,0,0,0,0,0,0,0,0,0,0,0,0,0,0,0,0,0,0,0,0,0,0,0,0,0,0,0,0,0,0,0,0,0,0,0,0,0,0,0,0,0,0,0,0,0,1,0,0,0,0,0,0,0,0,0,0,0,0,0,0,0,1,0,0,0,1,0,1,0,0,0,0,0,0,0,0,0,0,0,0,0,0,0,0,0,0,0,0,0,0,0,1,0,0,0,0,1,0,0,0,0,0,0,0,0,1,0,0,0,0,0,0,1,2,0,1,0,1,0,0,0,0,1,1,1,1,0,0,0,1,0,0,0,0,0,0,0,0,0,0,1,0,1,0,0,0,0,0,0,0,0,0,0,0,0,0,0,0,0,0,0,0,0,0,0,0,0,0,0,0,0,0,0,0,0,0,0,0,0,0,0,0,0
"Hungary",1,0,0,0,0,0,2,2,0,2,0,1,2,0,1,1,0,1,3,2,0,0,2,0,1,1,1,2,1,3,2,0,1,1,0,4,1,2,2,3,2,3,3,2,5,3,3,4,2,4,4,5,2,5,7,1,3,3,2,8,6,7,4,5,4,2,4,1,5,4,1,4,5,6,4,4,3,3,5,5,10,7,5,7,6,8,3,2,2,6,9,11,5,11,8,8,7,4,6,8,10,9,12,10,3,10,11,7,13,7,13,5,12,7,12,8,9,4,7,12,12,16,11,20,21,19,16,16,18,22,20,14,15,9,16,16,15,13,13,13,10,17,10,15,21,5,11,17,18,18,9,7,14,12,13,9,11,6,7,8,9,6,7,2,5,3,5,4,5,7,5,4,4,3,9,4,2,4,4,3,0,2,1,0,0,1,0,0,1,0,0,0,0,0,0,1,0,0,0,0,0,0,1,0,0,0,0,0,0,0,0,0,0
"Iceland",0,0,0,0,0,0,1,0,1,0,0,0,0,0,0,0,0,0,0,0,0,0,0,0,0,0,0,0,0,0,0,0,0,0,0,0,0,0,0,0,0,0,0,0,0,0,0,0,0,0,1,0,0,0,0,0,0,0,1,0,0,0,0,0,0,0,1,2,0,0,0,0,1,0,2,0,0,0,0,0,0,0,0,1,0,0,0,0,1,0,0,0,0,0,0,0,0,0,1,1,0,0,0,0,0,0,0,0,0,0,0,0,1,0,0,0,1,0,0,0,1,1,0,0,1,0,0,2,1,0,1,0,0,0,0,0,0,0,0,2,0,0,0,0,0,3,0,1,0,1,1,0,1,1,0,1,0,1,1,0,2,1,0,1,1,0,1,0,1,0,0,0,0,0,0,0,0,0,0,0,0,0,0,0,1,0,0,0,0,0,0,0,0,0,0,0,0,0,0,0,0,0,0,0,0,0,0,0,0,0,0,0,0
"India",2,0,0,1,0,1,1,0,0,1,0,1,0,4,0,3,0,4,2,1,2,1,3,0,3,1,1,1,1,3,2,1,2,4,1,0,2,2,5,1,3,3,1,4,2,2,0,2,7,1,2,4,4,2,4,2,4,5,5,6,2,7,1,5,6,6,1,3,4,11,7,5,8,4,4,3,5,2,3,6,7,2,8,4,10,9,7,7,4,4,6,7,12,10,9,5,4,10,11,15,7,12,12,15,11,9,10,8,12,11,12,14,12,6,11,11,16,18,23,21,30,12,20,31,20,28,21,20,35,20,27,35,35,34,38,35,28,43,39,38,33,31,27,40,45,29,31,40,46,36,46,46,39,46,34,34,41,39,37,34,43,32,26,25,31,22,24,30,22,8,22,15,14,16,8,5,5,4,3,6,1,7,3,4,3,1,2,3,1,3,2,2,1,1,1,1,3,0,2,0,2,1,0,0,0,0,0,0,0,0,0,0,0
"Indonesia",0,0,0,0,0,0,0,0,0,0,0,0,0,0,0,0,0,0,0,0,0,0,1,0,0,0,0,0,0,0,0,0,0,1,0,1,0,0,0,0,0,0,0,0,0,0,1,0,0,0,0,0,1,0,0,0,0,1,1,0,1,0,0,2,0,1,0,0,0,1,0,1,0,1,0,0,1,0,0,2,1,1,1,0,1,1,2,0,0,0,3,1,1,3,1,0,2,0,1,3,4,1,0,1,3,3,1,2,1,3,0,1,3,0,2,2,5,1,2,3,2,2,3,2,2,2,4,5,6,2,8,4,2,1,5,4,0,4,2,2,2,5,2,4,1,1,1,3,3,1,2,2,1,2,2,3,3,2,4,2,5,0,1,1,1,0,0,1,1,0,3,0,1,1,0,1,1,0,1,1,1,0,0,0,0,0,0,0,0,0,0,0,0,0,0,0,0,0,0,0,0,0,0,0,0,0,0,0,0,0,0,0,0
"Iran",1,0,1,0,0,0,0,0,0,0,2,0,0,0,0,0,0,0,0,0,0,0,0,1,0,0,1,1,0,0,0,1,0,0,0,0,1,0,0,1,0,0,0,1,1,1,0,0,0,0,0,1,1,0,0,1,0,0,0,2,1,0,0,0,0,0,0,0,0,0,0,0,0,0,0,2,0,0,0,0,1,1,1,1,0,1,0,3,2,0,2,2,1,1,2,3,1,0,3,1,0,0,3,3,0,2,1,2,4,2,1,5,2,3,2,1,2,3,3,2,8,4,3,9,6,5,11,3,8,7,5,4,5,7,7,8,10,10,5,16,12,8,6,12,10,13,9,10,13,8,10,13,9,10,9,11,14,12,10,12,5,11,8,13,5,7,12,8,5,5,2,9,4,2,6,2,4,7,3,3,4,2,2,2,1,1,2,0,0,0,0,0,0,1,1,0,0,0,0,0,0,0,0,0,0,0,0,0,0,0,0,0,0
"Iraq",0,0,0,0,1,0,0,0,0,0,0,0,0,0,0,0,0,0,0,0,0,0,0,0,0,0,1,0,0,0,0,0,0,0,0,0,0,0,0,0,0,0,0,0,0,0,0,0,0,0,0,0,0,0,0,0,0,0,0,0,0,0,0,1,0,0,0,0,0,0,0,0,0,2,0,0,0,2,1,0,0,0,0,0,0,0,0,1,0,0,1,0,0,0,0,0,0,0,0,0,0,0,0,0,0,0,0,1,0,1,2,2,1,1,1,1,1,1,1,3,0,1,2,1,2,0,4,0,1,3,1,2,0,3,3,1,2,2,3,5,3,2,2,0,2,2,0,1,4,2,2,0,3,2,0,1,2,2,2,4,3,1,2,1,1,0,0,0,1,0,3,1,1,1,0,0,0,0,1,0,1,0,0,0,0,1,0,0,0,0,0,0,0,0,0,1,0,0,0,0,0,0,0,0,0,0,0,0,0,0,0,0,0
"Ireland",6,1,6,3,1,5,6,1,4,4,3,3,8,0,3,8,6,4,0,3,6,5,4,4,4,0,7,3,4,5,5,2,3,3,1,2,2,1,7,1,5,6,0,7,4,8,2,3,10,1,2,6,6,1,2,1,1,6,5,5,6,2,6,3,3,4,1,3,5,6,4,1,0,2,2,5,2,3,2,4,5,2,1,2,3,0,6,2,3,3,2,1,1,3,4,0,4,2,0,4,5,3,1,2,2,3,1,2,2,3,4,2,5,2,5,4,3,4,7,2,3,1,1,3,4,1,2,5,3,1,0,1,3,2,1,4,1,2,4,4,1,3,6,3,6,5,5,8,3,5,5,3,3,2,5,3,2,2,2,2,1,1,5,2,1,1,3,2,1,3,4,2,1,2,1,0,0,4,1,1,0,0,2,1,0,0,1,0,0,0,0,0,0,1,0,0,0,0,0,1,0,0,0,0,0,0,0,0,0,0,0,0,0
"Israel",0,0,0,0,0,0,0,0,0,0,0,0,0,0,0,0,0,0,0,0,0,0,0,0,0,0,0,0,0,0,0,0,0,0,0,0,0,0,0,0,0,0,0,0,0,0,0,0,0,0,0,0,0,0,0,0,0,0,0,0,0,0,0,0,0,0,0,0,0,0,0,0,0,0,1,0,0,0,0,0,0,0,0,0,0,0,0,0,0,1,1,0,0,1,0,0,0,0,0,1,0,0,0,0,0,1,1,1,1,2,0,2,0,0,4,0,0,0,0,2,1,1,3,0,0,4,5,2,5,4,2,4,6,2,7,12,16,12,7,9,7,9,14,8,8,14,4,19,9,15,16,14,10,13,8,13,11,12,11,8,11,8,6,11,5,4,5,6,7,6,4,5,2,4,2,6,6,2,0,3,4,0,1,1,2,1,0,0,0,0,0,0,1,0,0,0,0,1,0,1,0,0,0,0,0,0,0,0,0,0,0,0,0
"Italy",16,13,28,13,15,15,14,16,21,13,25,28,22,25,9,17,17,22,19,17,13,13,20,27,23,16,18,26,21,16,16,22,21,16,17,24,18,16,29,24,24,22,22,27,28,29,28,36,32,25,31,31,43,28,38,26,29,35,32,38,35,26,38,31,33,37,35,34,33,35,31,30,38,40,31,48,41,55,51,41,35,31,35,46,38,42,49,34,37,33,42,35,43,25,33,29,37,39,38,43,46,40,63,38,59,42,44,39,62,66,51,47,44,45,65,44,40,36,31,41,77,59,66,74,76,66,66,69,55,56,76,58,53,57,60,78,56,72,77,76,82,75,94,65,84,59,66,99,99,69,87,63,71,59,69,53,62,54,46,53,43,56,47,51,41,48,39,38,31,34,32,32,24,14,16,13,12,12,9,9,4,3,6,1,1,3,2,2,6,1,1,1,3,1,0,0,0,0,0,0,0,0,0,1,0,0,0,0,0,0,1,0,0
"Jamaica",0,0,0,0,1,1,0,0,0,0,0,0,0,0,0,0,0,0,0,0,0,0,0,0,0,0,0,0,0,0,1,0,0,0,0,0,0,0,0,0,0,0,0,0,1,0,0,0,1,0,0,0,0,0,0,0,0,1,0,1,0,0,0,0,1,0,0,0,0,0,0,0,0,1,0,1,0,0,0,0,0,1,1,0,0,0,0,0,0,0,0,0,0,1,0,0,0,0,0,0,1,0,0,0,1,0,0,1,0,0,0,0,0,0,0,0,1,0,0,1,0,0,0,1,0,0,1,0,0,0,0,0,1,1,1,0,0,0,0,0,3,1,3,2,2,2,1,1,0,0,1,1,1,0,2,2,0,1,0,1,0,1,1,0,1,0,0,0,1,1,0,0,0,0,0,0,0,0,0,0,0,1,0,1,0,0,0,0,0,0,0,0,0,0,0,0,0,0,0,0,0,0,0,0,0,0,0,0,0,0,0,0,0
"Japan",0,2,0,1,1,0,0,0,0,0,2,1,0,0,0,1,1,0,1,0,1,0,1,0,0,0,1,3,2,1,1,1,2,1,0,1,1,2,2,1,0,0,0,1,3,1,0,2,3,1,3,6,3,2,6,3,9,4,4,3,6,2,6,4,2,8,6,7,2,1,10,11,6,11,12,6,8,6,12,4,7,9,9,9,11,13,13,8,10,6,9,2,6,14,7,11,10,8,5,8,18,8,14,9,8,10,9,9,7,8,14,11,9,12,11,18,12,13,8,7,16,9,15,12,14,24,23,23,27,26,27,21,20,17,19,15,16,14,14,9,9,15,20,21,19,15,22,25,25,24,16,24,24,14,21,19,13,18,12,17,10,11,19,5,11,11,3,7,7,3,8,6,5,1,2,6,3,0,1,5,3,0,1,2,1,3,1,0,1,0,1,0,0,1,1,0,0,0,0,0,0,0,0,0,0,0,0,0,0,0,0,0,0
"Jordan",0,0,0,0,0,0,0,0,0,0,0,0,0,0,0,0,0,0,0,0,0,0,0,0,0,0,0,0,0,0,0,0,0,0,0,0,0,0,0,0,0,0,0,0,0,0,0,0,0,0,0,0,0,0,0,0,0,0,0,0,0,0,0,0,0,0,0,0,0,0,0,0,0,0,0,0,0,0,0,0,0,0,0,0,0,0,0,0,0,0,0,0,0,0,0,0,0,0,0,0,0,0,0,0,0,0,0,0,0,1,0,0,0,0,0,0,0,0,0,0,0,0,0,1,0,0,0,0,0,0,0,0,0,0,0,0,1,0,0,1,0,0,0,0,0,0,0,1,0,0,0,1,0,1,0,0,0,0,2,0,1,0,0,1,1,1,1,1,0,1,1,1,0,0,0,0,1,1,0,0,0,0,1,0,0,0,0,0,0,0,0,0,0,0,0,0,0,0,0,0,0,0,0,0,0,0,0,0,0,0,0,0,0
"Kazakhstan",0,0,0,0,0,0,0,0,0,0,0,0,0,0,0,0,0,0,0,0,0,0,0,0,0,0,0,0,0,0,0,0,0,0,0,2,0,0,0,0,0,0,0,0,0,0,1,0,0,0,0,0,0,0,0,0,0,0,0,0,0,0,0,0,0,0,0,0,0,0,0,0,0,0,0,0,0,0,0,0,0,0,0,0,0,0,0,0,1,0,0,0,0,0,0,0,0,0,0,1,0,1,0,1,0,0,0,1,0,0,1,1,1,0,0,0,1,0,0,0,0,0,0,0,1,0,0,3,0,0,3,0,0,1,1,0,1,0,1,0,1,0,3,0,0,1,1,5,2,2,1,4,1,3,0,1,1,2,0,4,0,1,1,1,2,2,2,2,0,1,1,1,1,0,1,2,1,0,0,0,0,0,1,0,0,0,0,0,1,0,0,0,0,0,0,0,0,0,0,0,0,0,0,0,0,0,0,0,0,0,0,0,0
"Kenya",0,0,0,0,0,0,0,0,0,0,0,0,0,0,0,0,0,0,0,0,0,0,0,0,0,0,0,0,0,0,0,0,0,0,0,0,0,0,0,0,0,0,0,0,0,0,0,0,0,0,0,0,0,0,0,0,0,0,0,0,0,0,0,0,0,0,0,0,0,0,0,0,0,0,0,0,0,0,0,0,0,0,0,0,0,0,0,0,0,0,0,0,0,0,0,0,0,0,0,0,0,0,0,1,0,0,0,0,0,0,0,0,0,0,1,0,0,0,0,0,0,0,1,1,0,1,0,0,0,0,0,2,1,1,0,0,1,1,1,0,1,2,0,0,4,4,1,3,0,0,1,1,3,3,1,2,5,0,1,2,2,3,1,2,0,1,0,0,1,1,2,0,1,0,1,0,0,0,0,1,0,1,1,1,0,0,3,2,1,0,0,1,0,0,0,0,0,0,0,0,0,0,0,0,0,0,0,0,0,0,0,0,0
"Kosovo",0,0,0,0,0,0,0,0,0,0,0,0,0,0,0,0,0,0,0,0,0,0,0,0,0,0,0,0,0,0,0,0,0,0,0,0,0,0,0,0,0,0,0,0,0,0,0,0,0,0,0,0,0,0,0,0,0,0,0,0,0,0,0,0,0,0,0,0,0,0,0,0,0,0,0,0,0,0,0,1,0,0,0,0,0,0,0,0,0,0,0,0,0,0,0,0,0,0,0,0,0,0,0,0,0,0,0,0,0,1,0,0,0,0,0,0,0,0,0,0,0,1,0,0,0,0,0,0,1,0,2,0,0,0,1,0,0,0,0,0,1,1,0,0,0,0,1,1,0,1,1,0,0,1,1,0,0,1,1,0,1,1,0,0,1,0,0,1,0,0,0,0,0,0,0,0,0,0,0,0,0,0,0,0,1,0,0,0,0,0,0,0,0,0,0,0,0,0,0,0,0,0,0,0,0,0,0,0,0,0,0,0,0
"Kuwait",0,0,0,0,0,0,0,0,0,0,0,0,0,0,0,0,0,0,0,0,0,0,0,0,0,0,0,0,0,0,0,0,0,0,0,0,0,0,0,0,0,0,0,0,0,0,0,0,0,0,0,0,0,0,0,0,0,0,0,0,0,0,0,0,0,0,0,0,0,0,0,0,0,0,0,0,0,0,0,0,0,0,0,0,0,0,0,0,0,0,0,0,0,0,0,0,0,0,0,0,0,0,0,0,0,0,0,0,0,0,0,0,0,0,0,0,0,0,0,0,1,0,0,0,0,0,0,0,0,0,0,0,0,0,0,0,0,0,0,0,0,0,0,0,1,1,1,1,0,0,0,0,0,0,1,0,0,0,0,0,0,0,0,0,0,0,1,0,0,0,0,0,0,0,0,0,1,0,0,0,0,0,0,0,0,0,0,0,0,0,0,0,0,0,0,0,0,0,0,0,0,0,0,0,0,0,0,0,0,0,0,0,0
"Kyrgyzstan",0,0,0,0,0,0,0,0,0,0,0,0,0,0,0,0,0,0,0,0,0,0,0,0,0,0,0,0,0,0,0,0,0,0,0,0,0,0,0,0,0,0,0,0,0,0,0,0,0,0,0,0,0,0,0,0,0,0,0,0,0,0,0,0,0,0,0,0,0,0,0,0,0,0,0,0,0,0,0,0,0,0,0,0,0,0,0,0,0,0,0,0,0,0,0,0,0,0,0,0,0,0,0,0,0,0,0,0,0,0,0,0,0,0,0,1,0,0,0,0,0,0,0,0,0,0,0,0,1,0,0,1,0,1,0,0,0,0,0,0,0,0,0,0,0,1,1,1,0,0,1,0,1,0,1,0,1,0,0,1,0,1,0,0,1,0,1,0,0,0,0,0,0,0,0,0,0,0,0,0,0,0,0,0,0,0,0,1,0,0,0,0,0,0,0,0,0,0,0,0,0,0,0,0,0,0,0,0,0,0,0,0,0
"Laos",0,0,0,0,0,0,0,0,0,0,0,0,0,0,0,0,0,0,0,0,0,0,0,0,0,0,0,0,0,0,0,0,0,0,0,0,0,0,0,0,0,0,0,0,0,0,0,0,0,0,0,0,0,0,0,0,0,0,0,0,0,0,0,0,0,0,0,0,0,0,0,0,0,0,0,0,0,0,0,0,0,0,0,0,0,0,0,0,0,0,0,0,0,0,0,0,0,0,0,0,0,0,0,0,0,0,0,1,0,0,0,0,0,0,0,0,0,0,0,0,0,0,0,0,0,0,0,0,0,0,0,0,0,0,1,0,1,0,0,0,0,0,0,0,0,0,0,1,0,0,0,0,0,0,0,0,0,0,0,0,0,0,0,0,0,0,0,0,0,0,0,0,0,0,0,0,0,0,0,0,0,0,0,0,0,0,0,0,0,0,0,0,0,0,0,0,0,0,0,0,0,0,0,0,0,0,0,0,0,0,0,0,0
"Latvia",1,3,0,1,2,3,1,1,1,2,2,1,0,1,1,1,1,0,3,1,2,2,3,0,1,0,3,1,1,3,1,1,1,4,1,0,3,2,2,3,1,4,1,5,0,1,1,1,3,2,4,1,1,4,2,1,2,1,0,6,1,2,2,3,2,1,2,2,1,5,4,1,5,2,2,0,3,1,2,1,3,1,4,6,3,2,7,6,2,0,5,2,5,4,2,4,7,5,2,5,4,3,7,2,4,3,2,0,5,10,3,5,6,3,5,1,0,4,0,1,3,1,2,1,2,4,3,0,3,1,3,4,2,2,0,4,1,1,3,2,0,1,2,2,1,0,1,2,3,1,1,3,1,0,1,2,3,0,1,0,0,1,0,1,1,3,1,0,1,0,1,1,0,0,1,2,0,0,1,1,1,0,0,0,0,0,0,0,0,0,0,0,0,0,0,0,0,0,0,0,0,0,0,0,0,0,0,0,0,0,0,0,0
"Lebanon",1,0,0,0,0,0,0,0,0,0,0,0,0,0,0,0,0,0,0,1,0,0,0,0,0,0,0,0,0,0,0,0,0,0,0,0,0,0,0,0,0,0,0,0,0,0,0,0,0,1,0,0,0,0,0,0,0,0,0,1,0,0,0,0,0,1,0,0,0,0,0,1,0,0,0,1,1,0,0,0,0,0,0,0,2,0,1,1,0,0,0,1,0,2,0,1,0,0,0,0,0,0,1,0,0,0,0,0,1,0,0,1,0,0,1,0,0,1,0,1,0,1,0,0,2,1,0,0,0,2,2,1,1,2,1,2,0,0,1,1,2,3,3,3,2,2,1,1,1,3,2,4,1,8,3,0,4,3,4,2,5,1,0,2,3,3,2,2,1,0,1,3,0,0,1,1,0,1,0,1,2,1,0,0,0,0,0,0,0,0,1,0,0,0,0,0,1,0,0,0,0,0,0,0,0,0,0,0,0,0,0,0,0
"Lesotho",0,0,0,0,0,0,0,0,0,0,0,0,0,0,0,0,0,0,0,0,0,0,0,0,0,0,0,0,0,0,0,0,0,0,0,0,0,0,0,0,0,0,0,0,0,0,0,0,0,0,0,0,0,0,0,0,0,0,0,0,0,0,0,0,0,0,0,0,0,0,0,0,0,0,0,0,0,0,0,0,0,0,0,0,0,0,0,0,0,0,0,0,0,0,0,0,0,0,0,0,0,0,0,0,0,0,0,0,0,0,0,0,0,0,0,0,0,0,0,0,0,0,0,0,0,0,0,0,0,0,0,0,0,0,0,0,0,0,0,0,0,0,0,0,0,0,0,0,0,0,0,1,0,0,0,0,0,0,0,0,0,0,0,0,0,0,0,0,0,0,0,0,0,0,0,0,0,0,0,0,0,0,0,0,0,0,0,0,0,0,0,0,0,0,0,0,0,0,0,0,0,0,0,0,0,0,0,0,0,0,0,0,0
"Liberia",0,0,0,0,0,0,0,0,0,0,0,0,0,0,0,0,0,0,0,0,0,0,0,0,0,0,0,0,0,0,0,0,0,0,0,0,0,0,0,0,0,0,0,0,0,0,0,0,0,0,0,0,0,0,0,0,0,0,0,0,0,0,0,0,0,0,0,0,0,0,0,0,1,0,0,0,0,0,0,0,0,0,0,0,0,0,0,0,0,0,0,0,0,0,0,0,0,0,0,0,0,0,0,0,0,0,0,0,0,0,0,0,0,0,0,0,0,0,0,0,0,0,0,0,0,0,1,0,0,0,0,0,0,0,0,0,0,0,0,0,0,0,0,0,0,0,0,0,0,0,0,0,0,0,1,0,0,0,0,0,0,0,1,0,1,0,0,0,0,0,0,0,0,0,0,0,0,0,0,0,0,1,0,0,0,0,0,0,1,0,0,0,0,0,0,0,0,0,0,0,0,0,0,0,0,0,0,0,0,0,0,0,0
"Libya",0,0,0,0,0,0,0,0,0,0,0,0,0,0,0,0,0,0,0,0,0,0,0,0,0,0,0,0,0,0,0,0,0,0,0,0,0,0,0,0,0,0,0,0,0,0,0,0,0,0,0,0,0,0,0,0,0,0,0,0,0,0,0,0,0,0,0,0,0,0,0,0,0,0,0,0,0,0,0,0,0,0,0,0,0,0,0,0,0,0,0,0,0,0,0,0,0,0,0,0,0,0,0,0,0,0,0,0,0,0,0,0,0,0,0,0,0,0,0,0,0,0,0,0,0,0,0,0,1,0,0,0,0,0,0,0,0,2,0,0,0,0,0,0,0,0,0,0,0,0,0,0,0,0,1,1,0,0,0,0,0,0,1,0,0,0,1,0,0,0,0,0,1,0,0,0,0,0,0,0,0,0,0,0,0,0,0,0,0,0,0,0,0,0,0,0,0,0,0,0,0,0,0,0,0,0,0,0,0,0,0,0,0
"Lithuania",1,1,1,0,0,0,1,0,2,0,2,0,1,0,0,0,0,0,0,3,1,0,0,0,0,1,0,0,0,1,0,0,1,0,0,0,0,0,0,1,1,0,1,0,1,0,2,0,1,1,1,2,4,0,0,4,0,1,1,0,2,0,0,1,2,2,4,1,1,2,1,1,0,2,2,1,2,1,0,4,1,4,2,1,1,4,1,2,1,1,4,0,0,2,6,1,1,1,2,1,6,3,1,5,5,4,3,4,6,1,2,1,2,2,2,1,1,1,1,1,1,6,3,4,5,5,10,5,2,4,9,3,5,5,3,6,8,9,7,8,8,3,8,7,9,4,6,1,5,4,5,6,5,8,3,4,11,4,12,4,4,4,11,7,6,3,0,4,7,1,3,5,6,6,5,4,6,2,3,6,1,1,1,0,1,0,1,0,0,0,0,0,0,0,0,0,0,0,0,0,0,0,0,0,0,0,0,0,0,0,0,0,0
"Luxembourg",0,1,1,1,1,0,0,0,0,0,1,0,0,0,0,0,0,1,1,0,0,0,0,0,0,1,1,0,2,0,1,0,0,0,1,0,0,0,0,0,1,1,0,0,0,1,0,2,1,1,0,2,1,1,1,0,0,2,0,0,0,1,0,1,1,0,2,0,0,0,0,0,0,0,1,1,1,0,1,1,1,0,0,1,1,0,1,0,0,0,0,0,1,1,0,0,0,1,1,0,1,0,0,1,2,0,0,0,1,0,0,0,0,0,1,0,0,0,0,1,1,2,0,1,1,3,4,0,0,0,1,1,1,1,1,0,2,0,1,1,0,0,3,1,2,0,2,4,2,2,0,0,4,2,0,0,3,0,1,4,0,2,4,0,0,1,2,0,0,0,0,0,0,1,1,0,0,0,0,0,0,0,0,0,1,1,0,0,0,0,0,0,0,0,0,0,0,0,1,0,0,0,0,0,0,0,0,0,0,0,0,0,0
"Madagascar",0,0,0,0,0,0,0,0,0,0,0,0,0,0,0,0,0,0,0,0,0,0,0,0,0,0,0,0,0,0,0,0,0,0,0,0,0,0,0,0,0,0,0,0,0,0,0,0,0,0,0,0,0,0,0,0,0,0,0,0,1,0,0,0,0,0,0,0,0,0,0,0,0,0,0,0,0,0,0,0,0,0,0,0,0,0,0,0,0,0,0,0,0,0,0,0,0,0,0,1,0,0,0,0,0,0,0,1,2,0,0,0,0,0,0,0,1,0,0,0,0,0,0,0,0,0,1,0,0,0,0,0,0,0,0,0,0,1,0,0,0,0,0,0,0,1,0,0,1,0,0,2,1,1,0,0,0,0,1,0,1,0,1,0,0,0,0,0,1,0,1,0,0,0,0,0,0,0,0,0,0,0,0,0,0,0,0,0,0,0,0,0,0,0,0,0,0,0,0,0,0,0,0,0,0,0,0,0,0,0,0,0,0
"Malawi",0,0,0,0,0,0,0,0,0,0,0,0,0,0,0,0,0,0,0,0,0,0,0,0,0,0,0,0,0,0,0,0,0,0,0,0,0,0,0,0,0,0,0,0,0,0,0,0,0,0,0,0,0,0,0,0,0,0,0,0,0,0,0,0,0,0,0,0,0,0,0,0,0,0,0,0,0,0,0,0,0,0,0,0,0,0,0,0,0,0,0,0,0,0,0,0,0,0,0,0,0,0,0,0,0,0,0,0,0,0,0,0,0,0,0,0,0,0,0,0,0,0,0,0,0,0,0,0,0,0,0,0,0,0,0,0,1,0,0,0,0,0,0,2,0,0,0,1,0,0,0,0,0,0,0,0,0,0,0,0,0,0,0,0,0,0,0,0,0,0,0,0,0,0,0,0,0,0,0,1,0,0,0,0,0,0,1,0,0,0,0,0,0,0,0,0,0,0,0,0,0,0,0,0,0,0,0,0,0,0,0,0,0
"Malaysia",0,0,0,0,0,0,0,0,0,0,0,0,0,0,0,0,0,0,0,0,0,0,0,0,1,0,0,0,0,0,0,0,0,0,0,0,0,0,0,0,0,0,0,0,0,0,0,0,0,0,0,0,0,1,1,0,0,0,0,0,0,0,0,0,0,0,0,0,0,1,0,0,1,0,0,0,0,0,0,1,1,1,0,0,0,0,0,0,0,0,0,0,0,0,0,0,0,1,0,0,0,0,1,0,0,0,0,0,0,0,0,0,0,0,0,0,0,0,2,2,0,1,1,1,0,1,1,1,0,5,1,1,1,1,2,0,1,1,1,2,1,2,4,1,3,1,1,2,6,2,5,5,3,4,6,2,0,6,2,2,4,2,3,2,2,2,4,3,1,3,2,0,2,1,2,0,2,3,2,2,2,1,0,0,0,0,0,1,0,1,0,0,0,1,0,0,1,0,0,0,0,0,0,0,0,0,0,0,0,0,0,0,0
"Mali",0,0,0,0,0,0,0,0,0,0,0,0,0,0,0,0,0,0,0,0,0,0,0,0,0,0,0,0,0,0,0,0,0,0,0,0,0,0,0,0,0,0,0,0,0,0,0,0,0,0,0,0,0,0,0,0,0,0,0,0,0,0,0,0,0,0,0,0,0,0,0,0,0,0,0,0,0,0,0,0,0,0,0,0,0,0,0,0,0,0,0,0,0,0,0,0,0,0,0,0,0,0,0,0,0,0,0,0,0,0,0,0,0,0,0,0,0,0,0,0,0,0,0,0,0,0,0,0,0,0,0,0,0,0,0,1,0,0,0,0,0,0,1,0,0,0,1,1,0,0,0,0,1,3,0,0,1,1,0,0,1,0,0,1,0,0,0,0,0,0,0,0,0,0,0,0,0,0,0,0,0,0,0,0,0,0,0,0,0,0,0,0,0,0,0,0,0,0,0,0,0,0,0,0,0,0,0,0,0,0,0,0,0
"Mauritania",0,0,0,0,0,0,0,0,0,0,0,0,0,0,0,0,0,0,0,0,0,0,0,0,0,0,0,0,0,0,0,0,0,0,0,0,0,0,0,0,0,0,0,0,0,0,0,0,0,0,0,0,0,0,0,1,0,0,0,0,0,0,0,0,0,0,0,0,0,0,0,0,0,0,0,0,0,0,0,0,0,0,0,0,0,0,0,0,0,0,0,0,0,0,0,0,0,0,0,0,0,0,0,0,0,0,0,0,0,0,0,0,0,0,0,0,0,0,0,0,0,0,0,0,0,0,0,0,0,0,0,0,0,0,0,1,0,0,0,0,0,0,0,0,0,0,0,1,0,0,0,0,0,1,0,0,0,0,0,1,0,1,1,0,0,1,0,0,0,1,1,0,0,0,0,0,0,0,0,0,0,0,0,0,0,0,0,0,0,0,0,0,0,0,0,0,0,0,0,0,0,0,0,0,0,0,0,0,0,0,0,0,0
"Mexico",2,1,0,0,0,0,0,1,0,0,0,0,1,1,0,0,1,1,1,2,1,0,0,0,0,2,0,1,1,1,0,2,2,3,1,1,0,1,2,2,0,0,3,1,0,0,0,1,4,1,2,1,3,1,1,1,3,1,1,1,2,0,4,1,2,0,0,2,4,1,3,0,4,2,1,3,2,4,2,1,3,4,2,6,4,4,2,3,1,2,3,2,2,3,6,3,4,5,9,3,5,3,4,4,3,5,5,4,4,4,4,4,9,6,3,3,3,4,4,5,4,9,5,4,7,7,8,7,8,6,5,5,9,5,7,8,7,7,6,6,11,10,15,8,10,13,9,6,13,10,19,16,12,13,10,14,10,8,15,14,9,12,14,11,6,8,7,0,3,8,6,5,4,4,6,1,2,3,4,1,0,2,0,3,3,1,0,0,0,0,0,0,0,0,0,0,0,0,0,0,1,0,0,0,0,1,0,0,0,0,0,0,0
"Moldova",0,0,0,0,0,0,0,0,0,0,0,0,0,0,0,0,0,0,0,0,0,0,0,0,0,0,0,0,0,0,0,0,0,0,0,0,1,0,1,0,0,0,0,0,0,1,0,0,0,1,1,0,0,0,0,1,0,2,0,0,0,1,0,0,2,0,0,0,1,0,1,1,1,0,2,1,1,1,0,0,0,0,0,1,0,0,0,0,1,0,0,3,0,1,2,3,1,2,1,1,2,0,2,1,1,1,1,0,1,0,3,0,1,0,3,0,0,2,1,1,0,2,1,2,2,1,3,4,2,4,4,1,0,0,1,0,1,0,0,3,1,0,0,1,1,0,2,3,2,2,0,0,0,2,1,0,0,1,1,0,1,0,0,1,0,0,0,0,1,0,0,2,2,2,1,0,0,0,0,0,0,0,0,0,0,0,1,0,0,0,0,0,0,0,0,0,0,0,0,0,0,0,0,0,0,0,0,0,0,0,0,0,0
"Mongolia",0,0,0,0,0,0,0,0,0,0,0,0,0,0,0,0,0,0,0,0,0,0,0,0,0,0,0,0,0,0,0,0,0,0,0,0,0,0,0,0,0,0,0,0,0,0,0,0,0,0,0,0,0,0,0,0,0,0,0,0,0,0,0,0,0,0,0,0,0,0,0,0,0,0,0,0,0,0,0,0,0,0,0,1,0,0,0,0,0,0,0,0,0,0,0,0,0,0,0,0,0,0,0,0,0,1,0,0,0,0,0,0,0,0,0,0,0,0,0,0,0,0,0,0,0,0,0,0,0,0,0,0,0,0,0,1,0,0,0,0,0,0,0,0,0,1,1,1,0,1,0,1,0,0,0,0,1,1,0,0,0,0,0,0,0,0,1,0,0,0,0,0,0,0,0,0,0,0,0,0,0,0,0,0,0,0,0,0,0,0,0,0,0,0,0,0,0,0,0,0,0,0,0,0,0,0,0,0,0,0,0,0,0
"Montenegro",0,0,0,0,0,0,1,0,0,0,0,0,0,0,0,0,0,0,0,0,0,0,0,0,0,0,0,0,0,0,0,0,0,0,0,0,0,0,0,0,0,0,0,0,0,1,0,0,0,0,0,0,0,0,1,0,0,0,0,0,0,0,0,0,0,1,0,0,0,0,0,0,0,0,0,0,0,0,0,0,0,0,0,0,0,0,1,0,0,1,0,0,1,0,0,0,1,1,0,0,0,0,0,0,0,0,0,0,1,0,0,0,1,0,0,0,0,1,0,0,0,0,0,0,1,1,0,1,1,1,1,2,0,0,0,1,0,0,1,0,0,0,0,0,0,0,1,0,1,1,0,0,1,0,0,2,0,0,0,0,0,1,0,0,0,1,0,0,0,0,0,0,1,1,0,0,0,0,1,0,0,0,0,0,0,0,0,0,0,0,0,0,0,0,0,0,0,0,0,0,0,0,0,0,0,0,0,0,0,0,0,0,0
"Morocco",0,0,0,0,0,0,0,0,0,0,0,0,0,1,0,0,0,0,0,0,0,0,0,0,0,0,1,0,0,0,0,0,0,0,0,1,0,0,0,0,0,0,0,0,0,0,0,0,0,0,0,0,0,0,0,0,0,0,1,0,1,0,0,0,0,0,0,0,1,0,0,0,0,0,0,0,0,0,1,0,0,0,0,0,0,0,0,0,0,0,0,0,0,0,0,1,0,0,0,0,0,0,0,0,0,0,0,0,1,0,0,0,0,0,2,0,1,0,2,0,2,1,0,2,1,0,1,4,0,4,1,2,4,7,1,3,4,2,1,6,3,4,4,8,8,8,8,4,4,4,4,3,5,4,9,7,8,5,3,2,3,6,6,2,2,1,0,0,3,1,2,2,0,2,1,2,0,0,0,0,0,1,0,0,0,0,0,0,0,0,0,0,0,0,0,0,0,0,0,0,0,0,0,0,0,0,0,0,0,0,0,0,0
"Mozambique",0,0,0,0,0,0,0,0,0,0,0,0,0,0,0,0,0,0,0,0,0,0,0,0,0,0,0,0,0,0,0,0,0,0,0,0,0,0,0,0,0,0,0,0,0,0,0,0,0,0,0,0,0,0,0,0,0,0,0,0,0,0,0,0,0,0,0,0,0,0,1,0,0,0,0,0,0,0,0,0,0,0,0,0,0,0,0,0,0,0,0,0,0,0,0,0,0,0,0,0,0,0,0,0,0,0,0,0,0,0,0,0,0,0,0,0,0,0,0,0,1,1,1,0,1,0,1,0,0,0,0,0,0,0,0,0,0,1,0,2,0,0,0,0,0,1,0,0,0,0,1,0,0,0,0,0,0,0,0,0,1,0,0,0,1,0,0,1,1,1,0,0,1,2,0,0,0,0,0,0,0,0,0,0,0,0,0,0,0,0,0,0,0,0,0,0,0,0,0,0,0,0,0,0,0,0,0,0,0,0,0,0,0
"Myanmar",0,0,0,0,0,0,0,0,0,0,0,0,0,0,0,0,0,0,0,0,0,0,0,0,0,0,0,0,0,0,0,0,0,0,0,0,0,0,0,0,0,0,0,0,0,0,0,0,0,0,0,0,0,0,0,0,0,0,1,0,0,0,0,0,0,0,0,0,0,0,0,0,0,0,0,0,0,0,0,0,0,0,0,0,0,0,0,0,1,0,0,0,0,0,0,1,1,0,0,1,0,0,0,0,0,1,0,0,0,1,1,0,1,0,0,0,1,1,0,0,2,1,0,3,4,4,2,0,1,2,0,0,0,0,0,1,2,5,0,1,4,1,1,0,3,0,1,2,2,2,2,1,2,0,0,2,2,0,0,1,1,0,1,0,0,1,0,0,0,0,0,2,0,0,0,0,0,1,0,0,0,0,0,0,0,0,0,0,0,0,0,0,0,0,0,0,0,0,0,0,0,0,0,0,0,0,0,0,0,0,0,0,0
"N. Cyprus",0,0,0,0,0,0,0,0,0,0,0,0,0,0,0,0,0,0,0,0,0,0,0,0,0,0,0,0,0,0,0,0,0,0,0,0,0,0,0,0,0,0,0,0,0,0,0,0,0,0,0,0,0,0,0,0,0,0,0,0,0,0,0,0,0,0,0,0,0,0,0,0,0,0,0,0,0,0,0,0,0,0,0,0,0,0,0,0,0,0,0,0,0,0,0,0,0,0,0,0,0,0,0,0,1,0,0,0,1,0,0,0,0,0,0,0,0,1,0,0,0,0,0,0,0,0,0,0,0,1,1,0,2,0,0,0,0,0,0,0,0,1,1,0,1,0,1,1,1,1,2,0,3,0,0,1,0,0,0,0,0,0,0,0,0,1,0,0,0,0,0,0,0,0,0,0,0,0,0,0,0,0,0,0,0,0,0,0,0,0,0,0,0,0,0,0,0,0,0,0,0,0,0,0,0,0,0,0,0,0,0,0,0
"Namibia",0,0,0,0,0,0,0,0,0,0,0,0,0,0,0,0,0,0,0,0,0,0,0,0,0,0,0,0,0,0,0,0,0,0,0,0,0,0,0,0,0,0,0,0,0,0,0,0,0,0,0,0,0,0,0,0,0,0,0,0,0,0,0,0,0,0,0,0,0,0,0,1,1,0,0,0,0,0,0,0,0,0,0,0,0,0,0,0,0,0,0,0,0,0,0,0,0,0,0,0,0,0,0,0,0,0,0,0,0,0,0,0,0,0,0,0,0,0,0,0,0,0,0,0,0,0,0,0,0,1,2,0,0,0,0,0,0,0,0,2,0,2,0,0,0,0,0,0,0,2,0,0,0,0,1,0,0,0,1,0,1,0,0,0,0,0,0,0,0,0,0,0,0,0,0,0,0,0,0,0,0,0,0,0,0,0,0,0,0,0,0,0,0,0,0,0,0,0,0,0,0,0,0,0,0,0,0,0,0,0,0,0,0
"Nepal",0,0,0,0,0,0,0,0,0,0,0,0,0,0,0,0,0,0,0,0,0,0,0,0,0,0,0,0,0,0,0,0,0,0,0,0,0,0,0,0,0,0,0,0,0,0,0,0,0,0,0,0,0,0,0,0,0,0,0,0,0,0,0,0,0,0,0,0,0,0,0,0,0,0,0,0,0,0,0,0,0,0,0,0,0,0,0,0,0,0,0,0,0,0,0,0,0,0,0,0,0,0,0,0,0,0,0,0,0,0,0,0,0,0,0,0,0,0,0,0,1,0,0,0,0,0,0,0,1,0,0,0,0,1,0,0,0,0,0,0,0,0,1,0,1,1,0,0,0,0,0,0,0,2,0,2,0,2,0,0,1,0,0,1,0,1,0,0,0,0,0,0,0,0,1,1,0,1,0,0,1,0,0,0,0,0,0,0,0,0,1,0,0,0,0,0,0,0,0,0,0,0,0,0,0,0,0,0,0,0,0,0,0
"Netherlands",2,7,4,2,2,6,3,3,6,3,6,5,4,4,5,1,4,7,8,2,7,3,7,2,0,1,0,7,6,3,4,6,3,3,8,4,4,4,4,3,6,3,10,2,8,3,3,6,7,5,7,7,6,7,10,6,5,6,9,10,10,3,4,4,10,6,7,5,3,5,7,9,3,11,9,7,12,14,11,5,10,6,11,10,9,8,15,9,7,11,7,11,10,12,15,9,5,8,6,10,20,10,15,19,7,9,13,13,10,20,12,12,12,10,17,9,19,6,15,6,19,10,13,21,24,14,21,18,19,15,17,13,15,10,16,14,17,23,17,17,17,16,25,26,22,19,37,23,14,22,28,28,16,25,20,16,22,22,26,21,24,22,17,15,15,13,12,12,10,15,12,9,8,10,2,4,4,2,2,1,0,2,0,2,1,0,0,1,0,0,0,2,1,1,1,0,0,0,0,0,0,0,0,0,0,0,0,0,0,0,0,0,0
"New Caledonia",0,0,0,0,0,0,0,0,0,0,0,0,0,0,0,0,0,0,0,0,0,0,0,0,0,0,0,0,0,0,0,0,0,0,0,0,0,0,0,0,0,0,0,0,0,0,0,0,0,0,0,0,0,0,0,0,0,0,0,0,0,0,0,0,0,0,0,0,0,0,0,0,0,0,0,0,0,0,0,0,0,0,0,0,0,0,0,0,0,0,0,0,0,0,0,0,0,0,0,0,0,0,0,0,0,0,0,0,0,0,0,0,0,0,0,0,0,0,0,0,0,0,0,0,0,0,0,0,0,0,0,0,0,0,0,0,0,0,0,0,0,0,0,0,0,0,0,0,0,0,0,0,0,0,0,0,0,0,0,0,0,0,0,0,0,0,0,0,0,0,0,0,0,0,0,0,0,0,0,0,0,0,0,0,0,0,0,1,0,0,0,0,0,0,0,0,0,0,0,0,0,0,0,0,0,0,0,0,0,0,0,0,0
"New Zealand",0,0,0,0,0,0,0,0,0,0,0,0,0,0,1,0,0,0,0,0,0,0,0,0,0,0,0,0,0,0,0,0,0,0,0,0,0,0,1,0,0,0,1,0,1,0,0,0,1,0,2,0,0,1,1,0,1,0,1,2,1,0,0,0,1,2,1,0,1,0,1,1,1,4,3,2,0,3,0,4,7,3,3,1,1,4,4,5,7,2,2,2,7,3,4,4,3,4,4,2,5,8,3,3,3,6,9,2,4,4,5,4,5,5,4,2,6,4,2,8,10,12,7,3,14,7,7,9,5,9,9,4,6,4,5,5,8,8,5,10,7,7,7,10,11,4,3,2,4,8,8,2,3,3,6,3,4,7,3,2,3,7,6,4,3,2,4,0,2,1,1,2,0,1,1,4,2,2,0,2,2,1,0,1,0,1,0,0,0,0,1,0,0,0,0,1,0,0,0,0,0,0,0,0,0,0,0,0,0,0,0,0,0
"Nicaragua",0,0,0,0,0,0,0,0,0,0,0,0,0,0,0,0,0,0,0,0,0,0,0,0,0,0,0,0,0,0,0,0,0,0,1,0,1,0,0,0,0,0,0,0,0,0,0,0,0,0,0,1,0,0,0,0,0,1,0,0,0,0,0,0,0,0,0,0,0,0,0,0,0,0,0,0,0,0,0,0,0,0,0,0,0,0,0,1,0,0,0,0,0,1,0,0,0,0,0,0,0,0,0,0,0,0,0,0,0,0,0,0,1,0,0,0,0,0,0,1,0,0,0,1,0,0,0,0,0,0,3,0,0,0,0,0,0,0,1,1,1,1,2,0,0,0,0,0,1,1,0,1,0,1,0,2,0,0,0,0,0,0,0,1,0,0,0,0,0,0,0,0,0,0,0,0,0,0,0,0,0,0,0,0,0,0,0,0,0,0,0,0,0,0,0,0,0,0,0,0,0,0,0,0,0,0,0,0,0,0,0,0,0
"Niger",0,0,0,0,0,0,0,0,0,0,0,0,0,0,0,0,0,0,0,0,0,0,0,0,0,0,0,0,0,0,0,0,0,0,0,0,0,0,0,0,0,0,0,0,0,0,0,0,0,0,0,0,0,0,0,0,0,0,0,0,0,0,0,0,0,0,0,0,0,0,0,0,0,0,0,0,0,0,0,0,0,0,0,0,0,0,0,0,0,0,0,0,0,0,0,0,0,0,0,0,0,0,0,0,0,0,0,0,0,0,0,0,0,0,0,0,0,0,0,0,0,0,0,0,0,0,0,0,0,1,0,0,0,0,0,1,0,1,0,0,0,0,2,0,0,0,0,0,0,0,0,1,0,1,0,0,0,0,0,0,1,0,0,3,0,0,0,0,0,0,0,0,0,0,0,1,0,0,0,0,0,0,0,0,0,0,0,0,0,0,0,0,0,0,0,0,0,0,0,0,0,0,0,0,0,0,0,0,0,0,0,0,0
"Nigeria",0,0,0,0,0,0,0,0,0,0,0,0,0,0,0,0,0,0,0,0,0,0,0,0,0,0,0,0,0,0,0,0,0,0,0,0,0,0,0,0,0,0,0,0,0,0,0,0,0,0,0,0,0,0,0,0,0,0,0,0,0,0,0,0,0,0,0,0,0,0,0,1,0,0,0,0,0,0,0,0,0,0,0,0,0,1,0,0,0,0,0,0,1,0,0,0,0,0,0,0,0,0,0,1,0,0,0,1,0,0,2,0,0,0,0,1,0,1,1,1,1,1,1,2,1,1,1,1,2,6,3,4,5,4,4,3,0,4,1,3,7,2,3,2,3,2,2,6,6,1,6,2,3,7,8,7,11,10,8,2,5,4,6,6,7,1,2,4,2,1,4,1,0,0,1,2,0,0,0,0,1,1,0,0,0,1,0,0,0,0,0,1,0,0,0,0,0,0,0,0,0,0,0,0,0,0,0,0,0,0,0,0,0
"North Korea",0,0,0,0,0,0,0,0,0,0,0,0,0,0,0,0,0,0,0,0,0,0,0,0,0,0,0,0,0,0,0,0,0,0,0,0,0,1,0,0,0,0,0,0,0,0,0,0,0,0,0,0,0,0,0,0,0,0,0,0,0,0,0,0,0,0,0,0,0,0,0,0,0,0,0,0,0,0,0,0,0,0,0,0,0,0,0,0,0,0,0,0,0,0,0,0,0,1,0,0,0,1,0,0,0,0,0,0,2,0,0,0,1,1,0,0,1,0,0,0,0,0,1,0,0,0,0,0,1,0,1,1,0,0,0,1,0,1,0,0,0,0,0,0,2,0,0,0,0,0,0,0,0,0,0,0,0,0,0,0,0,0,0,0,0,0,0,0,0,1,0,0,0,0,0,0,0,0,0,0,0,0,0,0,0,0,0,0,0,0,0,0,0,0,0,0,0,0,0,0,0,0,0,0,0,0,0,0,0,0,0,0,0
"North Macedonia",0,0,0,0,0,0,0,0,0,0,0,0,0,0,0,0,0,0,1,0,0,0,0,0,0,0,0,0,0,0,1,0,0,0,1,0,0,0,0,0,0,0,0,0,0,0,0,0,0,0,0,0,0,0,0,0,0,0,0,0,0,0,1,1,1,0,0,0,0,1,0,0,1,0,0,1,0,1,1,2,1,0,0,1,0,0,0,1,1,0,0,0,0,0,0,0,0,0,1,0,1,0,2,0,1,0,0,0,0,2,0,1,0,0,2,0,0,1,0,2,1,1,1,0,1,0,1,3,1,1,3,2,1,0,0,0,1,0,1,1,0,0,1,0,1,0,1,3,1,0,0,2,1,2,0,0,1,1,0,2,1,1,1,0,0,0,0,1,0,2,2,1,1,0,1,0,0,0,0,0,0,1,0,0,0,0,0,0,0,1,0,0,0,0,0,0,0,0,0,0,0,0,0,0,0,0,0,0,0,0,0,0,0
"Norway",1,0,1,1,0,3,2,0,1,2,1,0,1,3,2,5,1,1,1,2,2,1,3,1,1,2,4,2,0,3,1,0,2,4,1,2,3,3,7,5,3,1,1,3,4,6,1,6,2,3,5,7,7,5,7,9,6,4,3,1,6,7,9,8,4,7,5,9,5,7,7,5,11,10,6,10,5,10,5,12,5,7,8,7,5,7,6,5,12,8,5,6,4,8,5,6,7,3,10,8,2,6,4,13,11,11,7,7,4,5,6,5,4,5,4,7,7,14,9,5,13,9,13,5,15,7,12,18,12,9,11,6,12,7,7,10,14,13,11,10,11,7,15,14,13,23,9,16,6,4,4,3,7,10,9,7,7,4,7,5,6,5,7,6,0,1,7,4,3,4,1,5,3,0,3,0,0,4,4,1,0,0,1,1,0,1,0,1,0,1,0,0,2,0,0,2,0,0,0,0,0,0,0,0,0,0,0,0,0,0,0,0,0
"Oman",0,0,0,0,0,0,0,0,0,0,0,0,0,0,0,0,0,0,0,0,0,0,0,0,0,0,0,0,0,0,0,0,0,0,0,0,0,0,0,0,0,0,0,0,0,0,0,0,0,0,0,0,0,0,0,0,0,0,0,0,0,0,0,0,0,0,0,0,0,1,0,0,0,0,0,0,0,0,0,0,0,0,0,0,0,0,0,0,0,0,0,0,0,0,0,0,0,0,0,0,0,0,0,0,0,0,0,0,0,0,0,0,0,0,0,0,0,0,0,0,0,0,0,0,0,0,0,0,0,0,0,0,0,0,0,0,0,0,0,0,0,0,0,0,0,0,0,0,0,0,0,0,0,0,0,0,0,0,0,0,0,0,0,0,0,0,0,0,0,0,0,0,0,0,0,0,0,0,0,0,0,0,0,0,0,0,0,0,0,0,0,0,0,0,0,0,0,0,0,0,0,0,0,0,0,0,0,0,0,0,0,0,0
"Pakistan",0,0,0,0,0,0,0,0,0,0,0,0,0,0,0,0,0,0,0,0,1,0,0,0,0,0,0,0,0,0,1,0,0,0,0,0,0,0,0,1,0,1,0,0,0,0,0,0,0,0,0,1,0,1,0,0,0,0,0,1,0,0,0,1,0,0,0,0,0,0,0,0,0,0,0,0,0,1,0,2,1,0,2,0,0,0,1,3,0,1,1,2,0,1,1,0,2,1,1,0,0,1,1,1,1,0,0,0,3,2,3,1,1,0,3,2,0,2,2,2,1,2,2,3,3,1,2,3,5,5,5,1,3,0,3,6,5,3,2,2,5,6,5,2,5,3,3,10,6,7,6,9,5,2,8,3,4,3,3,6,1,4,4,5,1,4,1,2,2,2,1,1,2,2,2,1,1,2,0,1,0,0,0,1,0,0,1,0,0,0,1,0,0,1,0,0,0,0,0,0,0,0,0,0,0,0,0,0,0,0,0,0,0
"Palestine",0,0,0,0,0,0,0,0,0,0,0,0,0,0,0,0,0,0,0,0,0,0,0,0,0,0,0,0,0,0,0,0,0,0,0,0,0,0,0,0,0,0,0,0,0,0,0,0,1,0,0,0,0,0,0,0,0,0,1,0,0,0,0,0,1,0,0,0,0,0,0,0,0,0,1,0,0,1,0,0,0,0,1,0,0,0,0,0,1,0,0,1,0,1,0,0,1,0,2,0,0,0,0,0,0,0,0,0,0,0,1,0,1,1,0,1,1,1,0,1,0,3,2,2,2,2,6,3,3,2,2,0,2,3,5,4,7,4,4,3,5,5,3,7,2,8,8,4,3,5,2,4,3,3,1,1,1,2,5,3,3,5,3,2,1,1,1,0,2,2,2,1,1,0,0,1,1,1,3,0,0,0,0,0,0,0,1,0,0,0,0,0,0,1,0,0,0,0,0,0,0,0,0,0,0,0,0,0,0,0,0,0,0
"Panama",0,0,0,0,0,0,0,0,0,1,0,0,0,0,0,0,0,0,0,0,0,1,0,0,0,0,0,0,0,0,0,0,0,0,0,0,0,0,0,0,0,0,0,0,0,0,0,0,0,0,0,0,0,0,0,0,0,0,0,1,0,1,0,0,0,0,0,0,0,0,1,0,0,0,0,0,0,0,0,0,1,0,0,1,0,0,0,0,0,0,0,1,0,0,0,0,0,0,0,1,1,0,0,0,1,0,1,0,0,0,0,0,1,0,1,0,0,0,1,0,1,0,0,0,0,0,0,0,0,1,0,0,1,1,1,0,2,0,2,0,1,0,0,1,0,2,0,2,0,0,1,3,0,0,0,2,0,1,0,0,0,0,2,1,0,0,0,0,0,0,0,0,0,0,0,0,0,0,0,0,0,0,0,0,0,0,0,0,0,0,0,0,0,0,0,0,0,0,0,0,0,0,0,0,0,0,0,0,0,0,0,0,0
"Papua New Guinea",0,0,0,0,0,0,0,0,0,0,0,0,0,0,0,0,0,0,0,0,0,0,0,0,0,0,0,0,0,0,0,0,0,0,0,0,0,0,0,0,0,0,0,0,0,0,0,0,0,0,0,0,0,0,0,0,0,0,0,0,0,0,0,0,0,0,0,0,0,0,0,0,0,0,0,0,0,0,0,0,0,0,0,0,0,0,0,0,0,0,0,0,0,0,0,0,0,0,0,0,0,0,0,0,0,0,1,0,0,0,0,0,0,0,0,0,0,0,0,0,0,0,0,0,0,0,0,0,0,0,0,0,0,0,0,0,0,0,0,1,0,0,0,0,0,0,0,0,0,0,0,0,0,0,0,0,0,0,0,0,0,0,0,0,0,0,0,0,0,0,0,1,1,0,0,0,0,0,0,0,0,0,0,0,0,0,0,0,0,0,0,0,0,0,0,0,0,0,0,0,0,0,0,0,0,0,0,0,0,0,0,0,0
"Paraguay",0,0,0,0,0,0,0,0,0,0,0,0,0,0,0,0,0,0,0,0,0,0,0,0,0,0,0,0,0,0,0,0,0,0,0,0,0,0,0,0,1,0,0,0,0,0,0,0,0,0,1,0,0,0,0,0,0,0,0,0,1,0,0,1,0,0,0,0,0,0,0,0,0,0,0,0,1,2,0,1,0,0,1,0,1,0,0,0,0,0,1,0,0,0,0,0,0,0,0,1,0,1,0,0,1,0,0,1,0,0,1,0,0,0,0,0,0,0,1,0,1,0,0,1,0,0,0,0,0,0,0,0,3,0,0,0,0,0,0,0,0,1,0,1,0,0,0,1,0,0,1,0,1,2,1,0,1,1,1,1,0,1,0,1,1,2,0,0,0,0,1,0,0,0,0,1,0,0,2,0,0,0,0,0,0,0,0,0,0,0,0,0,0,0,0,0,0,0,0,0,0,0,0,0,0,0,0,0,0,0,0,0,0
"Peru",1,0,0,0,1,0,0,0,0,0,0,0,1,1,0,0,0,0,0,0,0,1,0,0,0,0,0,0,1,0,1,0,1,0,0,2,0,0,1,0,0,1,0,1,1,0,1,3,1,3,1,1,1,2,2,2,0,1,0,1,0,1,2,1,1,0,0,2,0,2,0,0,2,2,2,3,1,3,1,0,2,1,0,0,2,4,1,1,1,1,3,3,1,0,2,0,2,0,1,1,4,3,3,4,0,1,0,3,2,1,3,3,0,2,1,3,1,2,2,2,2,6,5,4,4,3,2,1,5,8,3,2,3,2,5,1,4,7,4,4,9,4,5,5,10,4,6,9,3,7,11,7,6,0,8,2,8,6,4,5,5,4,4,3,7,4,0,5,9,1,5,1,3,2,2,0,0,1,2,1,2,0,0,2,0,0,0,0,1,0,0,0,0,0,0,0,0,1,0,0,0,0,0,0,0,0,0,0,0,0,0,0,0
"Philippines",0,0,0,0,0,0,0,0,0,0,0,0,0,0,0,0,0,0,0,0,0,0,0,0,0,0,0,1,0,0,0,0,0,0,0,0,0,0,0,0,0,0,0,0,0,1,0,0,1,0,0,0,0,0,0,0,0,2,0,0,1,1,2,1,0,0,1,0,1,0,1,0,0,0,0,0,0,0,0,0,0,0,0,0,0,0,0,1,2,0,1,1,0,1,0,2,1,0,1,0,0,0,1,0,0,0,0,2,2,1,1,2,1,1,1,0,1,2,2,1,0,1,1,0,0,1,1,2,1,2,3,1,2,0,1,0,3,2,1,0,4,2,2,0,2,2,2,0,2,2,0,0,1,4,0,0,2,0,4,1,1,1,0,2,3,1,1,1,0,0,1,1,0,1,0,0,1,1,0,0,0,0,1,0,0,0,0,0,0,0,1,0,0,0,0,1,0,0,0,0,0,0,0,0,0,0,0,0,0,0,0,0,0
"Poland",11,11,6,16,11,9,8,3,10,15,11,18,11,17,19,9,8,19,12,19,14,22,20,10,16,14,13,8,10,7,8,17,13,17,15,14,10,26,24,28,21,24,16,25,21,18,18,26,25,18,25,34,29,18,26,26,30,32,33,35,28,31,39,40,28,31,37,32,37,40,27,31,26,41,40,29,29,38,37,39,47,35,40,32,40,47,36,37,52,34,37,33,40,30,27,38,44,46,40,46,46,40,49,55,38,40,46,37,42,48,50,36,44,40,35,25,24,24,16,31,44,51,45,52,63,69,68,54,68,65,63,53,63,58,67,67,66,62,76,60,71,81,60,102,73,23,24,27,26,21,23,29,21,25,23,19,21,18,17,8,19,13,17,18,10,3,13,12,6,7,6,9,12,8,12,4,5,5,4,4,2,6,2,1,5,2,2,0,2,0,0,0,1,0,0,1,0,0,0,0,0,0,0,0,0,0,0,0,0,0,0,0,0
"Portugal",3,0,2,0,0,0,1,5,2,1,0,0,1,2,2,0,3,2,1,2,1,1,3,1,0,2,1,3,1,1,0,0,1,2,2,4,1,1,4,3,4,4,3,3,3,2,5,8,0,3,1,5,5,5,4,2,4,6,5,4,3,3,1,1,5,4,6,4,4,4,0,4,3,1,5,4,5,8,7,4,5,1,5,4,6,3,8,4,9,7,6,2,7,3,2,2,2,1,5,1,4,10,3,6,4,4,4,7,8,2,2,2,3,9,6,3,4,9,3,2,3,9,4,4,5,4,3,4,3,3,4,7,12,8,6,1,6,6,6,6,2,7,12,7,9,3,7,9,13,7,6,5,6,11,10,8,5,4,2,6,6,6,6,4,7,3,1,4,4,2,3,6,2,1,5,3,2,1,4,1,1,1,2,0,1,0,0,0,0,0,0,0,0,0,0,0,0,0,0,0,0,0,0,0,0,0,0,0,0,0,0,0,0
"Puerto Rico",0,0,0,0,0,0,0,0,0,0,0,0,0,0,0,0,0,0,0,0,0,0,0,0,0,0,0,0,0,0,1,0,1,0,0,0,0,0,1,2,0,0,0,0,0,0,0,0,0,0,1,1,1,0,0,0,0,0,0,0,0,0,0,0,0,0,1,0,0,0,0,1,0,0,0,0,0,0,0,0,0,0,0,0,0,2,0,0,2,1,1,0,1,0,0,1,0,2,1,1,0,0,0,0,0,0,1,2,1,0,1,0,1,1,0,0,0,1,1,0,1,1,1,1,0,0,0,1,0,0,4,1,1,1,0,0,0,1,0,0,2,3,1,1,2,0,1,0,0,1,2,1,1,2,2,2,4,1,0,1,3,1,3,1,3,4,1,1,1,0,1,1,0,1,1,0,0,1,0,0,1,0,0,0,0,0,0,0,0,0,0,0,0,0,0,0,0,0,0,0,0,0,0,0,0,0,0,0,0,0,0,0,0
"Qatar",0,0,0,0,0,0,0,0,0,0,0,0,0,0,0,0,0,0,0,0,0,0,0,0,0,0,0,0,0,0,0,0,0,0,0,0,0,0,0,0,0,0,0,0,0,0,0,0,0,0,0,0,0,0,0,0,0,0,0,0,0,0,0,0,0,0,0,0,0,0,0,0,0,0,0,0,0,0,0,0,0,0,0,0,0,0,0,0,0,0,0,0,0,0,0,0,0,0,0,0,0,0,0,0,0,0,0,0,0,0,0,0,0,0,0,0,0,0,0,0,0,0,0,0,0,0,0,0,0,0,0,0,0,0,0,0,0,0,0,0,0,1,0,0,0,0,0,0,0,0,0,0,0,0,0,0,0,0,0,0,0,0,0,0,0,0,0,0,0,0,0,0,0,0,0,0,0,0,0,0,0,0,0,0,1,0,0,0,0,0,0,0,0,0,0,0,0,0,0,0,0,0,0,0,0,0,0,0,0,0,0,0,0
"Romania",0,0,2,0,0,3,2,1,1,1,2,0,2,0,1,0,4,2,4,3,2,1,1,2,1,0,1,4,1,2,1,1,2,2,3,1,3,2,4,6,4,6,1,2,1,6,3,3,4,3,8,3,2,7,5,4,4,6,2,3,3,3,2,6,5,2,5,7,4,3,5,5,5,8,5,10,5,5,0,4,7,8,11,9,10,11,8,7,6,6,7,8,7,5,9,11,8,10,5,7,8,8,16,8,7,11,10,16,9,6,4,8,7,5,6,4,8,7,8,10,8,12,8,12,12,14,9,9,12,15,14,9,15,16,7,2,6,10,8,8,9,8,12,3,9,2,14,12,14,7,12,9,8,10,5,12,7,6,3,3,1,3,4,4,5,5,4,5,7,4,5,4,4,5,2,3,2,2,5,1,1,1,2,0,0,0,0,0,0,0,0,0,0,0,0,0,0,0,0,0,0,0,0,0,0,0,0,1,0,0,0,0,0
"Russia",4,3,4,3,7,6,7,4,7,4,5,4,6,9,6,7,15,8,11,5,5,7,11,6,7,7,10,15,13,9,2,8,13,10,16,7,7,11,13,16,14,9,16,14,17,12,13,14,18,18,11,12,16,11,26,18,18,22,27,20,20,13,19,30,13,19,23,31,15,24,16,19,15,22,22,18,18,21,23,25,31,19,34,21,31,27,29,29,29,31,34,34,36,34,44,22,23,24,44,37,35,41,49,55,48,41,42,42,55,29,36,25,36,37,27,30,19,50,28,22,31,39,29,29,33,36,44,42,49,57,53,48,40,44,54,56,51,70,42,46,44,48,30,25,25,33,41,30,39,26,36,30,28,23,27,31,34,39,31,23,16,25,21,19,22,16,16,13,10,13,7,18,15,12,10,10,4,7,4,9,6,3,3,6,6,4,2,1,3,4,1,2,0,0,1,0,0,0,0,0,0,0,0,0,0,0,0,0,0,0,0,0,0
"Rwanda",0,0,0,0,0,0,0,0,0,0,0,0,0,0,0,0,0,0,0,0,0,0,0,0,0,0,0,0,0,0,0,0,0,0,0,0,0,0,0,0,0,0,0,0,0,0,0,0,0,0,0,0,0,0,0,0,0,0,0,0,0,0,0,0,0,0,0,0,0,0,0,0,0,0,0,0,0,0,0,0,0,0,0,0,0,0,0,0,0,0,0,0,0,0,0,0,0,0,0,0,0,0,0,0,0,0,0,0,0,0,0,0,0,0,0,0,0,0,0,0,0,0,0,0,0,0,0,0,0,0,0,0,0,0,0,0,0,0,0,0,0,0,0,0,1,0,0,1,0,0,1,1,0,0,0,1,0,0,1,1,0,0,0,0,1,0,0,0,0,1,0,1,0,1,0,0,0,1,0,0,0,1,1,0,0,0,0,0,0,0,0,0,0,0,0,0,0,0,0,0,0,0,0,0,0,0,0,0,0,0,0,0,0
"Saudi Arabia",0,0,0,0,0,0,0,0,0,0,0,0,0,0,0,0,0,0,0,0,0,0,0,0,0,0,0,0,0,0,0,0,0,0,0,0,0,0,0,0,0,0,0,0,0,0,0,0,1,0,0,0,0,0,0,0,0,0,0,0,0,0,0,0,0,0,0,0,0,0,0,0,0,0,0,0,0,0,0,0,0,0,0,0,0,0,0,0,0,1,0,0,0,0,0,0,0,0,0,0,0,0,0,0,0,0,0,0,0,0,0,0,0,0,0,0,0,0,0,0,0,0,0,0,0,1,1,0,0,0,0,0,1,2,0,2,1,0,1,1,0,0,0,0,1,1,1,0,0,0,2,1,0,2,3,1,1,2,0,2,2,0,0,0,1,1,1,2,0,0,3,1,0,0,0,0,0,0,0,0,2,0,0,0,1,1,0,0,0,0,0,0,0,0,0,0,0,0,0,0,0,0,0,0,0,0,0,0,0,0,0,0,0
"Senegal",0,0,0,0,0,0,0,0,0,0,0,0,0,0,0,0,0,0,0,0,0,0,0,0,0,0,0,0,0,0,0,0,0,0,0,0,0,0,0,0,0,0,0,0,0,0,0,1,0,0,0,0,0,0,0,0,0,0,0,0,0,0,1,0,0,0,0,1,0,0,0,0,0,0,0,0,0,0,0,0,0,0,0,0,0,0,0,0,0,0,0,0,0,0,0,0,1,0,0,0,1,0,0,0,0,0,0,0,1,1,0,1,1,0,0,1,0,0,0,0,0,0,1,2,0,0,0,0,0,0,0,0,1,1,0,0,1,2,0,1,0,0,0,1,0,1,0,1,1,1,2,4,1,0,2,2,2,1,0,0,0,0,1,2,0,1,0,0,0,0,0,0,0,1,0,0,0,0,0,0,0,0,0,0,0,0,0,0,0,0,0,0,0,0,0,0,0,0,0,0,0,0,0,0,0,0,0,0,0,0,0,0,0
"Serbia",0,0,0,0,0,0,0,0,0,0,1,0,0,0,0,0,0,0,0,0,0,1,0,0,0,1,1,0,0,1,0,1,2,1,2,0,2,0,0,2,1,0,3,1,2,0,0,3,0,0,0,2,1,1,1,1,3,1,2,2,1,0,2,0,1,1,2,2,3,4,0,1,0,1,5,2,3,1,1,0,0,3,1,1,0,2,3,0,0,1,1,0,4,1,5,1,0,1,1,2,2,1,0,3,2,2,2,0,2,1,0,1,2,1,1,0,0,1,1,4,2,5,5,7,9,5,4,1,2,6,12,4,3,9,5,5,1,7,1,0,5,4,1,5,5,2,6,8,5,7,5,4,4,5,2,4,3,3,1,3,0,1,2,4,7,5,2,4,3,1,3,2,1,1,1,0,0,1,0,0,0,0,1,0,2,0,0,0,0,0,0,0,0,1,0,0,0,1,0,0,0,0,0,0,0,0,0,0,0,0,0,0,0
"Sierra Leone",0,0,0,0,0,0,0,0,0,0,0,0,0,0,0,0,0,0,0,0,0,0,0,0,0,0,0,0,0,0,0,0,0,0,0,0,0,0,0,0,0,0,0,0,0,0,0,0,0,0,0,0,0,0,0,1,0,0,0,0,0,0,0,0,0,0,0,0,0,0,0,0,0,0,0,0,0,0,0,0,0,0,0,0,0,0,0,0,0,0,0,0,0,0,0,0,0,0,0,0,0,0,0,0,1,0,0,0,0,0,0,0,0,0,0,1,0,0,0,0,0,0,0,0,0,0,0,0,0,0,0,0,0,0,0,0,0,0,0,0,0,0,1,0,0,0,0,0,0,0,0,0,0,0,0,0,0,0,1,0,0,0,0,0,0,0,0,0,0,0,0,0,0,0,0,1,0,0,0,0,0,0,0,0,0,0,0,0,0,0,0,0,0,0,0,0,0,0,0,0,0,0,0,0,0,0,0,0,0,0,0,0,0
"Slovakia",2,1,1,0,2,0,0,1,0,0,2,1,0,1,2,2,2,1,2,1,1,2,1,0,1,4,1,3,1,1,0,1,4,1,1,1,3,0,0,0,3,1,5,3,2,1,2,1,0,2,4,0,2,1,2,1,4,7,4,1,3,0,2,1,3,0,5,2,3,4,1,1,0,3,2,0,0,1,2,2,1,4,0,3,1,1,1,3,1,1,3,0,1,5,0,1,1,3,2,0,2,1,1,3,5,0,3,1,0,1,2,0,3,5,1,4,1,2,2,5,1,3,2,2,8,3,8,5,11,2,2,5,1,4,5,4,7,4,7,1,2,4,3,5,1,1,2,3,2,3,3,0,0,1,1,1,3,2,2,1,1,0,0,3,1,1,1,0,1,0,1,1,1,1,1,1,2,0,0,0,0,0,0,1,0,0,1,0,0,0,0,0,0,0,0,0,0,0,0,0,0,0,0,0,0,0,0,0,0,0,0,0,0
"Slovenia",2,0,1,0,1,0,1,0,1,0,0,0,0,1,0,0,1,1,0,1,1,2,0,0,1,0,0,0,0,0,0,0,0,0,0,0,2,1,0,0,2,0,0,1,0,3,0,1,0,0,0,1,2,3,3,0,2,1,0,2,1,1,2,2,3,1,1,1,3,2,2,2,1,2,1,2,1,0,1,1,2,4,0,2,0,2,1,0,3,1,3,2,1,3,1,1,2,3,0,2,0,1,2,2,2,4,2,2,2,1,6,1,2,2,1,1,5,0,2,2,2,8,1,4,3,4,3,3,3,3,4,1,2,2,2,2,3,6,1,1,0,3,2,5,3,4,2,4,4,4,2,2,0,0,3,3,1,2,0,4,3,0,3,1,2,0,1,0,0,1,0,2,1,2,0,0,0,0,0,1,0,0,0,0,0,0,0,0,0,0,0,0,0,0,0,0,0,0,0,0,0,0,0,0,0,0,0,0,0,0,0,0,0
"Somalia",0,0,0,0,0,0,0,0,0,0,0,0,0,0,0,0,0,0,0,0,0,0,0,0,0,0,0,0,0,0,0,0,0,0,0,0,0,0,1,0,0,0,0,0,0,0,0,0,0,0,0,0,0,0,0,0,0,0,0,0,0,0,0,0,0,0,0,0,0,0,0,0,0,0,0,0,0,0,0,0,0,0,0,0,0,0,0,0,0,0,0,0,0,0,0,0,0,0,0,0,0,0,0,0,0,0,0,0,0,0,0,0,0,0,0,0,0,1,0,1,0,0,1,0,0,0,0,0,0,0,0,0,0,0,1,1,0,0,0,0,0,0,0,0,0,0,0,2,0,0,1,0,1,0,1,0,0,0,1,0,0,0,0,0,0,1,0,0,0,0,0,0,0,2,0,0,0,0,0,0,1,0,0,0,0,0,0,0,0,1,0,0,0,0,0,0,0,0,0,0,0,0,0,0,0,0,0,0,0,0,0,0,0
"Somaliland",0,0,0,0,0,0,0,0,0,0,0,0,0,0,0,0,0,0,0,0,0,0,0,0,0,0,0,0,0,0,0,0,0,0,0,0,0,0,0,0,0,0,0,0,0,0,0,0,0,0,0,0,0,0,0,0,0,0,0,0,0,0,0,0,0,0,0,0,0,0,0,0,0,0,0,0,0,0,0,0,0,0,0,0,0,0,0,0,0,0,0,0,0,0,0,0,0,0,0,0,0,0,0,0,0,0,0,0,0,0,0,0,0,0,0,0,0,0,0,0,0,0,0,1,0,0,0,0,0,0,0,0,0,0,0,0,0,0,0,0,0,0,0,0,0,0,0,0,0,0,0,0,0,0,0,0,0,0,0,0,0,0,0,0,0,0,0,0,0,0,0,0,0,0,0,0,1,0,0,0,0,0,0,0,0,0,0,0,0,0,0,0,0,0,0,0,0,0,0,0,0,0,0,1,0,0,0,0,0,0,0,0,0
"South Africa",0,0,0,0,0,0,0,0,0,0,0,0,0,0,0,0,0,0,0,0,0,1,0,0,0,0,0,0,0,0,1,1,0,0,0,0,1,0,0,0,0,0,0,2,1,1,0,0,0,0,0,0,0,0,0,1,0,1,1,2,1,2,2,0,0,1,0,1,1,0,0,5,2,3,1,1,1,1,1,3,3,1,0,3,3,2,2,4,2,1,5,0,1,4,5,2,3,4,2,4,4,4,0,4,2,5,3,2,8,6,2,5,4,2,4,5,5,2,5,2,3,3,7,5,5,5,8,7,8,4,2,5,5,4,6,2,4,7,8,7,3,6,10,6,7,5,6,8,6,4,9,4,6,7,6,4,6,3,5,9,2,4,5,1,0,2,5,3,2,2,4,5,2,1,2,2,3,0,1,1,0,0,0,1,0,1,0,0,0,1,0,0,1,0,0,0,0,1,0,0,0,0,0,0,0,0,0,1,0,0,0,0,0
"South Korea",0,0,0,0,1,0,0,0,0,0,0,0,0,0,0,0,0,0,0,0,0,0,0,0,0,0,0,0,0,0,0,0,0,0,1,0,0,0,0,0,0,0,0,0,1,0,0,0,0,0,0,0,0,0,0,1,0,0,0,0,0,0,0,0,2,0,0,0,0,0,0,0,0,0,0,0,0,1,0,0,0,0,0,0,0,1,0,0,0,0,0,0,0,1,3,0,1,0,0,1,0,0,0,0,2,1,0,0,0,0,1,0,0,0,1,0,1,1,0,0,1,0,0,0,1,1,0,1,2,1,1,1,0,2,3,2,2,2,1,0,3,1,1,2,1,5,6,2,5,3,4,3,4,2,4,6,4,7,2,4,5,4,5,5,5,1,1,3,2,7,2,6,1,2,1,0,1,0,2,0,0,0,0,0,0,1,0,0,0,0,0,0,0,0,0,0,0,1,0,0,0,0,0,0,0,0,0,0,0,0,0,0,0
"Spain",3,4,5,4,6,8,4,8,7,8,4,5,1,3,3,11,10,8,9,7,11,8,10,7,6,12,4,6,8,8,8,5,12,8,8,9,9,2,7,13,14,12,12,11,10,10,12,11,13,4,14,9,17,13,10,9,12,14,10,7,9,9,18,7,11,7,18,10,10,16,10,14,13,18,9,12,12,19,19,26,15,15,9,17,12,14,28,17,24,20,15,19,15,22,13,26,17,19,18,15,23,18,23,23,22,28,25,27,26,20,17,31,31,16,23,36,24,20,29,32,29,28,37,47,38,26,32,34,36,25,36,37,28,25,37,38,38,27,32,24,51,52,59,71,59,71,87,66,88,82,63,77,67,71,76,65,69,65,68,54,63,60,57,44,54,47,45,45,36,27,25,22,24,25,22,20,16,19,20,12,13,12,5,3,5,2,2,1,2,0,2,2,0,0,1,0,0,0,0,0,0,0,0,0,0,0,0,0,0,0,0,0,0
"Sri Lanka",0,0,0,0,0,0,0,0,0,0,0,0,0,0,0,0,0,0,0,1,0,0,0,0,0,0,0,0,0,0,0,0,0,0,0,0,0,0,2,0,0,0,0,0,0,0,0,0,1,0,0,0,0,0,0,0,0,0,1,0,0,1,0,0,0,1,0,0,1,1,0,1,0,0,1,1,0,0,1,0,0,0,0,0,0,1,0,0,0,1,0,1,0,0,1,1,0,0,0,2,0,0,0,0,1,0,0,1,0,0,2,0,0,0,0,0,1,0,2,2,0,0,1,0,0,1,2,0,2,3,0,0,0,1,3,0,1,2,1,0,0,1,2,0,2,1,1,0,0,2,1,1,1,1,1,1,0,1,1,0,1,0,0,1,1,1,0,0,1,0,2,1,0,0,0,0,0,0,0,0,0,1,1,1,1,0,0,0,0,0,0,0,0,0,0,0,0,0,0,0,0,0,0,0,0,0,0,0,0,0,0,0,0
"Sudan",0,0,0,0,0,0,0,0,0,0,0,0,0,0,0,0,0,0,0,0,0,0,0,0,0,0,0,0,0,0,0,0,0,0,0,0,0,0,0,0,0,0,0,0,0,0,0,0,0,0,0,0,0,0,0,0,0,0,0,0,0,0,0,0,0,0,0,0,0,0,0,0,0,0,0,0,0,0,0,0,0,0,0,0,0,0,0,0,0,0,0,0,0,0,0,0,0,0,0,0,0,1,0,0,0,0,0,0,0,0,0,0,0,0,0,0,0,0,0,0,0,0,0,0,0,1,0,1,0,0,0,0,1,1,0,0,1,1,0,0,0,1,0,0,0,0,1,3,0,0,0,1,1,0,0,0,0,0,0,0,0,0,0,0,0,1,1,0,1,0,0,0,0,0,0,0,0,0,0,0,0,0,0,0,0,0,0,0,0,0,0,1,0,0,0,0,0,0,0,0,0,0,0,0,0,0,0,0,0,0,0,0,0
"Suriname",0,0,1,0,0,0,0,0,0,0,0,1,0,0,0,0,0,0,0,0,0,0,0,0,0,0,0,0,0,0,0,0,0,0,0,0,0,0,0,0,0,0,0,0,0,0,0,0,0,0,1,0,1,0,0,0,0,0,0,0,0,0,0,0,0,0,1,0,0,0,0,0,0,0,0,0,0,0,1,0,0,0,0,0,1,0,0,0,0,1,0,0,0,0,0,0,0,0,0,0,0,0,0,0,0,0,0,0,0,0,0,0,0,0,1,0,0,0,0,0,0,0,0,0,0,0,0,0,0,0,1,0,0,0,0,0,0,0,1,0,1,0,0,1,0,0,0,0,0,0,1,1,0,0,0,0,0,0,0,0,0,0,0,0,0,0,0,1,1,0,0,0,0,0,0,0,0,0,0,0,0,0,0,0,0,0,0,0,0,0,0,0,0,0,0,0,0,0,0,0,0,0,0,0,0,0,0,0,0,0,0,0,0
"Sweden",10,6,6,6,0,2,9,5,4,4,2,8,5,8,8,8,10,9,6,12,4,14,12,9,12,5,10,10,13,11,10,9,14,13,14,10,15,9,14,18,16,17,25,12,20,17,34,17,17,22,18,18,24,17,33,15,24,21,22,17,19,21,31,25,27,19,33,27,34,26,38,24,35,28,29,34,30,30,30,42,32,23,37,22,23,24,31,33,37,33,31,34,33,25,28,28,21,21,30,24,23,28,32,28,30,29,21,32,35,29,31,25,23,29,25,27,28,34,32,40,28,38,25,32,29,35,18,26,26,24,20,22,17,12,27,29,14,23,24,27,25,11,34,30,22,26,26,26,30,13,24,11,17,16,16,19,19,17,11,19,14,22,14,10,19,16,11,9,12,10,17,7,10,14,4,4,2,4,4,1,2,4,1,1,3,2,2,0,0,1,4,1,0,0,0,0,0,0,0,0,0,0,0,0,0,0,0,0,0,0,0,0,0
"Switzerland",4,14,7,8,6,8,7,11,6,7,2,2,1,5,8,4,9,12,6,8,2,10,6,7,3,10,7,5,12,6,3,10,16,12,4,6,10,7,11,8,10,11,10,11,16,16,15,11,14,11,13,2,14,11,16,15,11,15,15,14,11,15,19,20,12,21,19,17,26,14,23,15,17,21,23,11,20,15,21,25,22,12,24,19,19,24,22,23,28,10,19,21,18,15,17,15,21,21,23,30,20,21,23,24,15,22,12,32,16,22,17,16,26,20,22,25,15,22,21,28,33,26,28,32,24,38,37,27,34,27,20,16,19,25,27,20,13,28,37,34,27,29,45,43,52,31,38,30,29,22,25,18,36,24,15,24,33,29,23,30,22,28,25,21,13,24,24,31,17,16,13,16,16,10,13,4,3,3,3,3,3,2,2,1,1,1,0,0,2,0,0,0,2,0,0,0,0,0,0,0,0,0,0,1,0,0,0,0,0,0,0,0,0
"Syria",0,0,0,0,0,0,0,0,0,0,0,0,0,0,0,0,0,0,0,0,0,0,0,0,0,0,0,0,0,0,0,0,0,0,0,0,0,0,0,0,0,0,0,0,0,0,0,0,0,0,0,0,1,0,0,1,0,0,0,0,0,0,0,1,0,1,1,0,0,0,0,0,0,0,0,0,2,0,0,1,0,0,0,0,0,1,0,0,0,0,0,0,0,0,0,0,0,0,0,1,0,1,2,0,1,1,0,0,0,1,1,1,1,1,0,0,0,1,0,0,1,0,0,0,1,0,1,0,2,1,2,2,3,3,4,2,1,0,3,1,2,2,3,1,3,2,1,1,1,4,3,1,1,0,0,0,2,0,3,0,1,0,1,0,0,1,2,0,0,0,2,1,1,1,1,1,0,0,1,0,0,1,0,0,0,0,1,0,1,0,0,0,0,0,0,0,0,0,0,0,0,0,0,0,0,0,0,0,0,0,0,0,0
"Taiwan",0,0,0,0,0,0,0,0,0,0,0,0,0,0,0,0,0,0,0,0,0,0,0,0,0,0,0,0,0,0,0,0,0,0,0,0,0,0,0,0,0,0,0,0,0,0,0,0,0,0,0,0,0,0,0,0,0,0,0,0,0,0,0,0,0,0,0,0,0,0,0,0,0,0,0,0,0,0,0,0,0,0,0,0,0,0,0,0,0,0,0,0,0,1,0,0,0,1,0,1,0,0,0,0,0,0,1,1,0,0,0,0,0,0,0,1,0,0,0,0,1,0,0,0,0,0,0,1,0,1,0,1,2,0,2,1,0,0,1,1,0,2,1,1,1,1,1,5,5,6,7,7,5,3,1,6,2,2,3,3,3,0,1,0,0,1,2,0,0,0,4,0,3,1,0,2,0,1,0,2,0,1,0,0,0,0,0,0,0,0,0,0,0,0,0,0,0,0,0,0,0,0,0,0,0,0,0,0,0,0,0,0,0
"Tajikistan",0,0,0,0,0,0,0,0,0,0,0,0,0,0,0,0,0,0,0,0,0,0,0,0,0,0,0,0,0,0,0,0,0,0,0,0,0,0,0,0,0,0,0,0,0,0,0,0,0,0,0,0,0,0,0,0,0,0,0,0,0,0,0,0,0,0,0,0,0,0,0,0,0,0,0,0,0,0,0,0,0,0,0,0,0,0,0,0,0,0,0,0,0,0,0,0,0,0,0,0,0,0,0,0,0,0,0,0,0,1,0,0,0,0,0,0,0,0,0,0,1,0,0,0,2,0,0,0,1,0,0,0,1,1,0,0,1,0,1,0,0,0,1,0,0,1,1,0,1,1,0,0,1,0,1,1,0,0,0,0,1,0,0,0,0,0,0,0,0,0,0,0,0,0,0,0,0,0,0,0,0,0,0,0,0,0,0,0,0,0,0,0,0,0,0,0,0,0,0,0,0,0,0,0,0,0,0,0,0,0,0,0,0
"Tanzania",0,0,0,0,0,0,0,0,0,0,0,0,0,0,0,0,0,0,0,0,0,0,0,0,0,0,0,0,0,0,0,0,0,0,0,0,0,0,0,0,0,0,0,0,0,0,0,0,0,0,0,0,0,0,0,0,0,0,0,0,0,0,0,0,0,0,0,0,0,0,0,0,0,0,0,0,0,0,0,0,0,0,0,0,0,0,0,0,0,0,0,0,1,0,0,0,0,0,0,0,0,0,0,0,0,0,0,0,1,0,0,0,0,0,1,0,0,0,0,0,0,0,0,0,0,0,0,0,0,0,0,0,0,0,0,0,0,0,1,1,0,0,2,0,0,0,0,2,0,1,1,0,0,0,0,1,0,1,0,0,1,0,1,1,0,1,0,0,1,0,0,0,0,0,0,0,0,0,0,1,0,1,0,0,0,0,0,0,0,0,0,0,0,0,0,0,0,0,0,0,0,0,0,0,0,0,0,0,0,0,0,0,0
"Thailand",0,0,0,0,0,0,0,0,0,0,0,0,0,1,0,0,0,0,0,0,0,0,0,0,0,0,0,0,0,0,0,0,0,0,0,0,0,0,0,0,0,0,0,0,0,0,0,0,0,0,0,0,0,0,0,0,0,0,0,0,0,0,1,0,1,0,0,0,0,0,0,0,0,0,0,0,0,0,0,0,0,0,0,0,0,0,0,0,1,0,0,0,0,0,0,0,0,0,0,0,0,0,0,0,0,0,0,1,1,2,0,0,0,0,0,0,2,0,1,0,0,0,1,1,0,0,0,1,1,1,1,0,0,0,1,2,0,1,0,1,2,0,0,0,2,1,1,0,2,3,5,2,3,1,0,1,0,2,2,0,0,1,0,0,0,0,0,0,0,0,0,0,1,0,1,0,0,0,1,0,0,0,0,0,0,0,0,0,1,0,0,0,0,0,1,0,1,0,0,0,0,0,0,0,0,0,0,0,0,0,0,0,0
"Timor-Leste",0,0,0,0,0,0,0,0,0,0,0,0,0,0,0,0,0,0,0,0,0,0,0,0,0,0,0,0,0,0,0,0,0,0,0,0,0,0,0,0,0,0,0,0,0,0,0,0,0,0,0,0,0,0,0,0,0,0,0,0,0,0,0,0,0,0,0,0,0,0,0,0,0,0,0,0,0,0,0,0,0,0,0,0,0,0,0,0,0,0,0,0,0,0,0,0,0,0,0,0,0,0,0,0,0,0,0,0,0,0,0,0,0,0,0,0,0,0,0,0,0,0,0,0,0,0,0,0,0,0,0,0,0,0,0,0,0,0,0,0,0,0,0,0,0,0,0,0,0,0,0,1,0,0,0,0,0,0,1,0,0,0,2,2,1,0,3,0,0,0,1,0,0,0,0,0,0,1,0,0,0,0,0,0,0,0,0,0,0,0,0,0,0,0,0,0,0,0,0,0,0,0,0,0,0,0,0,0,0,0,0,0,0
"Togo",0,0,0,0,0,0,0,0,0,0,0,0,0,0,0,0,0,0,0,0,0,0,0,0,0,0,0,0,0,0,0,0,0,0,0,0,0,0,0,0,0,0,0,0,0,0,0,0,0,0,0,0,0,0,0,0,0,0,0,0,0,0,0,0,0,0,0,0,0,0,0,0,0,0,0,0,0,0,0,0,0,0,0,0,0,0,0,0,0,0,0,0,0,0,0,0,0,0,0,0,0,0,0,0,0,0,0,0,0,0,0,0,0,0,0,0,0,0,0,0,0,0,0,0,0,0,0,0,0,0,0,0,0,0,0,0,1,0,0,0,1,0,0,0,0,0,0,1,0,0,0,0,0,0,0,0,0,0,0,0,0,0,0,0,0,0,0,0,0,0,0,0,0,0,0,0,0,0,0,0,0,0,0,0,0,0,0,0,0,0,0,0,0,0,0,0,0,0,0,0,0,0,0,0,0,0,0,0,0,0,0,0,0
"Trinidad and Tobago",0,0,0,0,0,0,0,0,0,0,0,0,0,0,0,0,0,0,0,0,0,0,0,0,0,0,0,0,0,0,0,0,0,0,0,0,0,0,0,0,0,0,0,0,0,0,0,0,0,0,0,0,0,0,0,0,0,1,0,0,0,0,0,0,0,0,0,0,0,2,0,0,0,1,0,0,0,0,0,0,0,0,0,0,0,0,0,1,0,0,0,0,0,0,0,1,0,0,0,0,0,2,0,0,0,0,0,1,0,0,0,0,0,0,0,0,0,1,0,0,2,0,0,0,1,1,0,0,1,1,1,1,0,0,0,0,1,0,0,0,0,0,4,3,0,0,0,0,1,0,1,1,0,0,1,0,0,0,1,0,0,0,0,0,0,0,1,0,0,0,1,1,0,0,0,0,0,1,0,0,0,0,1,0,0,0,0,0,0,0,0,0,0,0,0,0,0,0,0,0,0,0,0,0,0,0,0,0,0,0,0,0,0
"Tunisia",0,0,0,0,0,0,0,0,0,0,0,0,1,0,0,0,0,0,0,0,0,0,0,0,0,0,0,0,0,0,0,0,0,0,0,0,0,0,0,0,1,0,0,0,1,0,0,0,0,0,0,0,0,0,0,1,0,0,0,0,0,0,0,0,0,0,0,0,0,3,0,0,0,0,0,0,0,0,0,1,0,1,0,0,1,0,1,0,0,0,1,0,1,0,0,0,2,0,0,0,1,1,0,1,0,2,1,2,1,2,1,3,0,1,2,1,2,1,1,2,0,2,1,0,0,2,3,1,3,3,0,5,6,0,5,3,4,4,4,5,6,2,5,5,0,4,3,5,1,2,3,3,1,3,4,3,5,3,4,1,1,2,3,0,0,1,4,3,2,1,0,1,0,2,1,0,0,0,0,0,0,0,0,0,0,0,0,0,0,0,0,0,0,0,0,0,0,0,0,0,0,0,0,0,0,0,0,0,0,0,0,0,0
"Turkey",0,0,0,0,0,0,0,1,0,0,0,0,0,1,0,0,0,1,0,0,0,0,0,0,0,0,0,1,0,0,0,0,0,0,0,0,0,0,0,0,1,0,0,0,0,0,0,0,0,1,0,0,0,0,0,1,0,0,1,0,0,0,1,1,0,2,0,1,2,3,2,0,2,1,0,2,3,1,5,3,1,3,1,4,0,0,0,2,1,1,0,0,2,2,0,1,1,2,1,1,2,1,2,2,6,3,4,1,3,1,1,3,2,2,7,4,2,2,2,3,3,2,4,0,4,4,7,2,0,3,3,0,3,3,3,2,0,0,3,6,4,4,2,7,6,8,6,3,2,8,10,4,6,12,8,5,4,2,7,6,5,5,3,8,4,5,5,10,7,3,4,5,3,2,1,2,3,1,0,1,1,0,2,1,0,2,1,0,0,0,0,0,0,0,0,0,0,0,0,0,0,0,0,0,0,0,0,0,0,0,0,0,0
"Turkmenistan",0,0,0,0,0,0,0,0,0,0,0,0,0,0,0,0,0,0,0,0,0,0,0,0,0,0,0,0,0,0,0,0,0,0,0,0,0,0,0,0,0,0,0,0,0,0,0,0,0,0,0,0,0,0,0,0,0,0,0,0,0,0,0,0,0,0,0,0,0,0,0,0,0,0,0,0,0,0,0,0,0,0,0,0,0,0,0,0,0,0,1,0,0,0,0,1,0,0,0,0,0,0,0,1,0,0,1,1,0,0,0,0,1,0,0,0,1,0,1,0,0,0,0,0,0,0,0,0,0,0,0,0,0,0,0,0,0,0,0,0,0,0,0,0,0,0,0,0,0,0,0,0,0,0,0,0,0,0,0,0,0,0,1,0,1,0,0,0,0,0,0,0,0,0,0,0,0,0,0,0,0,0,0,0,0,0,0,0,0,0,0,0,0,0,0,0,0,0,0,0,0,0,0,0,0,0,0,0,0,0,0,0,0
"Uganda",0,0,0,0,0,0,0,0,0,0,0,0,0,0,0,0,0,0,0,0,0,0,0,0,0,0,0,0,0,0,0,0,0,0,0,0,0,0,0,0,0,0,0,0,0,0,0,0,0,0,0,0,0,0,0,0,0,0,0,0,0,0,0,0,0,0,0,0,0,0,0,0,0,0,0,0,0,0,0,0,0,0,0,0,0,0,0,0,0,0,0,0,0,0,0,0,0,0,0,0,0,0,0,0,0,0,0,0,0,0,0,0,0,0,0,0,0,0,0,0,0,0,0,0,0,0,1,0,1,0,1,0,0,0,1,2,0,1,1,1,1,1,0,4,1,3,1,1,2,2,4,4,3,1,1,3,1,4,2,3,4,0,4,0,2,1,1,2,2,6,5,1,4,1,2,1,0,0,1,1,0,1,0,1,1,0,1,0,0,0,1,0,0,0,0,0,0,0,0,0,0,0,0,0,0,0,0,0,0,0,0,0,0
"Ukraine",0,5,3,1,5,1,1,0,3,0,2,4,0,2,3,4,2,1,2,1,1,2,1,2,3,2,3,2,2,1,1,2,2,1,4,4,1,4,3,1,4,6,5,4,3,10,5,8,6,3,7,6,6,4,6,4,7,11,9,9,6,5,8,7,9,6,10,8,9,4,5,9,11,8,10,9,7,6,10,11,10,14,15,7,7,11,21,9,11,21,10,11,11,10,18,16,13,22,19,18,19,12,14,16,23,18,8,16,17,15,16,14,12,19,14,14,7,10,19,18,10,17,14,13,9,14,15,18,11,18,27,13,11,5,9,15,14,23,15,12,6,14,6,8,6,4,9,7,9,5,11,4,11,7,10,8,6,6,11,7,5,7,7,5,4,6,7,4,1,6,2,4,6,6,2,7,3,2,1,4,1,1,1,0,2,0,1,0,0,0,0,0,0,0,0,0,0,0,0,0,0,0,0,0,0,0,0,0,0,0,0,0,0
"United Arab Emirates",0,0,0,0,0,0,0,0,0,0,0,0,0,0,0,0,0,0,0,0,0,0,0,0,0,0,0,0,0,0,0,0,0,0,0,0,0,0,0,0,0,0,0,0,0,0,0,0,0,0,0,0,0,0,0,0,0,0,0,0,0,0,0,0,0,0,0,0,0,0,0,0,0,0,0,0,0,0,0,0,0,0,0,0,0,0,0,0,0,0,0,0,0,0,0,0,0,0,0,0,0,0,0,0,0,0,0,0,0,0,0,0,0,0,0,0,0,0,0,0,0,0,0,0,0,0,0,0,0,0,0,0,0,0,0,0,0,0,0,0,0,0,0,0,0,0,0,0,0,0,0,0,0,0,0,0,0,0,0,0,0,0,0,0,0,0,0,0,0,0,0,0,0,0,0,0,0,0,0,0,0,2,0,0,1,0,0,1,0,0,2,0,0,0,0,0,0,0,0,0,0,0,0,0,0,0,0,0,0,0,0,0,0
"United Kingdom",39,20,22,34,31,34,24,23,44,40,49,40,49,56,42,42,37,46,40,47,44,47,39,46,36,38,37,44,36,32,41,49,41,30,36,43,42,49,36,34,47,46,40,38,51,40,42,41,37,45,50,53,50,44,59,61,45,60,62,43,56,63,70,65,69,65,64,57,58,62,53,60,60,52,47,53,46,59,48,61,60,68,67,53,50,54,67,59,58,73,46,63,36,46,40,34,31,57,49,63,63,66,63,85,67,65,72,84,78,67,78,71,84,84,76,72,87,71,61,67,109,86,92,100,104,94,109,100,87,87,80,86,64,71,94,85,80,91,86,91,89,80,110,102,109,105,120,117,106,88,108,93,90,84,67,73,67,53,64,60,62,48,52,53,75,48,43,43,42,34,23,17,24,28,15,16,13,21,13,9,17,16,8,6,4,1,9,5,4,3,3,2,2,1,1,1,1,0,1,1,1,0,0,0,0,0,0,0,0,0,0,0,0
"United States of America",20,14,19,19,29,25,17,30,18,25,20,36,24,34,29,23,24,34,34,37,32,29,37,36,27,41,25,31,33,31,39,41,32,35,37,26,44,44,52,52,43,39,48,46,53,41,48,53,53,51,51,44,46,58,57,65,76,87,87,85,75,72,74,91,76,80,91,101,72,95,112,95,97,97,100,87,95,78,81,74,89,67,79,97,87,81,94,82,112,92,96,79,120,95,97,108,98,96,109,112,126,137,133,145,135,134,168,170,140,141,162,148,155,174,191,192,204,175,205,203,228,228,227,245,226,233,213,267,236,233,294,255,251,231,224,204,255,243,246,280,290,274,336,320,309,236,264,269,261,272,257,234,242,227,226,192,206,178,162,154,143,141,108,101,116,98,78,101,91,78,83,77,61,34,35,46,38,39,30,29,27,27,19,26,20,13,8,9,8,9,2,5,1,6,6,5,3,4,4,2,0,2,2,1,1,1,1,0,1,0,1,1,1
"Uruguay",0,0,0,0,0,0,0,0,0,0,1,0,0,0,0,0,0,0,0,0,0,0,0,0,0,0,0,0,0,0,0,0,0,0,0,0,0,0,0,0,0,0,0,0,0,0,1,0,0,0,0,0,1,0,0,0,0,0,1,1,0,0,0,0,1,1,0,0,0,0,0,1,1,0,0,1,1,0,1,0,0,1,1,0,1,0,1,1,0,0,0,1,0,0,3,0,0,1,0,1,0,0,1,2,0,0,1,2,1,0,2,0,2,0,0,1,0,0,3,3,3,0,2,1,2,1,0,1,1,2,0,0,1,0,1,0,1,2,3,0,0,0,1,2,5,0,4,3,2,0,1,0,1,2,1,0,0,0,1,1,2,1,0,0,0,1,2,0,1,2,1,0,0,1,0,0,1,0,0,0,0,0,0,0,1,0,0,1,0,0,0,0,0,0,0,0,0,0,0,0,0,0,0,0,0,0,0,0,0,0,0,0,0
"Uzbekistan",0,0,0,0,0,0,0,0,0,0,0,0,0,0,0,0,0,0,0,0,0,0,0,0,0,0,0,0,0,0,0,0,0,0,0,0,0,0,0,0,0,0,0,0,0,0,0,0,0,0,0,0,0,0,0,0,0,0,0,0,0,0,0,0,0,0,0,0,0,0,0,0,0,0,0,0,0,0,0,0,0,0,0,0,0,0,0,0,0,1,0,1,1,0,0,0,0,0,0,0,0,0,0,0,0,1,1,0,1,1,2,0,0,0,0,0,0,1,0,0,1,0,0,0,1,2,1,1,1,2,1,1,0,0,0,2,1,1,0,0,2,1,2,2,3,1,1,1,0,0,0,0,3,0,0,3,0,0,0,0,0,1,1,0,1,0,1,0,0,1,0,1,0,0,0,0,0,0,0,0,0,0,0,0,0,0,0,0,0,0,0,0,0,0,0,0,0,0,0,0,0,0,0,0,0,0,0,0,0,0,0,0,0
"Venezuela",0,0,0,1,0,0,0,0,0,0,0,0,0,0,0,0,0,0,0,1,0,0,0,0,0,0,2,0,0,0,1,1,1,0,0,0,0,1,0,0,0,0,0,0,0,0,0,0,0,0,0,0,0,0,0,2,0,0,1,0,2,1,1,0,1,1,0,1,2,1,3,1,1,0,2,1,2,1,0,0,0,0,0,1,1,0,0,0,1,0,0,0,0,0,0,1,0,2,0,1,1,1,3,2,1,3,1,0,0,2,0,1,1,4,0,1,2,2,2,2,2,1,3,6,4,4,3,3,5,6,3,4,3,4,4,3,0,3,5,4,1,1,3,3,5,4,3,2,0,3,5,4,3,5,1,4,1,4,1,2,5,2,2,2,4,2,4,4,1,1,4,0,3,2,0,1,0,0,1,1,0,0,1,0,1,0,0,1,1,0,1,0,1,0,0,0,0,0,0,0,0,0,0,0,0,0,0,0,0,0,0,0,0
"Vietnam",0,0,0,0,0,0,0,0,0,0,0,0,0,0,0,0,0,0,0,0,1,0,0,0,0,0,0,0,0,0,0,0,0,0,0,1,0,1,0,0,0,0,0,0,0,0,0,1,0,0,0,0,0,0,0,0,0,0,0,0,0,0,0,0,0,0,0,0,0,0,0,0,0,0,0,0,0,0,1,0,0,0,0,0,0,0,0,0,0,0,0,0,0,0,0,0,0,0,0,0,1,0,1,0,1,1,1,0,1,3,1,1,0,2,3,0,0,1,1,0,1,3,2,0,0,2,2,1,1,0,1,1,0,3,5,2,1,3,2,1,2,0,1,2,3,0,1,3,3,1,1,1,0,2,2,1,0,0,0,0,1,0,1,2,0,0,0,0,0,1,2,0,2,0,1,1,0,1,0,0,0,0,0,0,0,0,0,0,0,0,0,0,0,0,0,0,0,0,0,0,0,0,0,0,0,0,0,0,0,0,0,0,0
"Yemen",0,0,0,0,0,0,0,0,0,0,0,0,0,0,0,0,0,0,0,0,0,0,0,0,0,0,0,0,0,0,0,0,0,0,0,0,0,0,0,0,0,0,0,0,0,0,0,0,0,0,0,0,0,0,0,0,0,0,0,0,0,0,0,0,0,0,0,0,0,0,0,0,0,0,0,0,0,0,0,0,0,0,0,0,1,0,0,0,0,0,0,0,0,0,0,0,0,0,0,0,0,0,0,0,1,0,0,0,0,0,0,0,0,0,0,0,0,0,0,0,0,1,0,0,0,0,0,0,0,0,0,0,0,1,0,0,0,0,0,0,0,0,0,0,0,0,0,0,0,0,0,0,0,0,0,1,1,0,0,0,0,0,0,1,1,0,0,0,0,1,1,0,0,1,0,1,0,0,0,1,1,0,0,0,0,0,0,0,0,0,0,0,0,0,0,0,0,0,0,0,0,0,0,0,0,0,0,0,0,0,0,0,0
"Zambia",0,0,0,0,0,0,0,0,0,0,0,0,0,0,0,0,0,0,0,0,0,0,0,0,0,0,0,0,0,0,0,0,0,0,0,0,0,0,0,0,0,0,0,0,0,0,0,0,0,0,0,0,0,0,0,0,0,0,0,0,0,0,0,0,0,0,0,0,0,0,0,0,0,0,0,0,0,0,0,0,0,0,0,0,0,0,0,0,0,0,0,0,0,0,0,0,0,0,0,0,0,0,0,0,0,0,0,0,0,0,0,0,0,0,0,1,0,0,0,0,0,0,0,0,0,0,0,0,0,0,0,0,0,0,0,0,0,0,0,0,0,0,0,2,1,1,0,0,1,1,0,2,0,0,0,2,0,0,0,0,0,2,0,0,0,0,0,1,0,1,0,0,0,0,0,0,0,0,0,0,0,0,0,0,0,0,0,0,1,0,0,0,0,0,0,0,0,0,0,0,0,0,0,0,0,0,0,0,0,0,0,0,0
"Zimbabwe",0,0,0,0,0,0,0,0,0,0,0,0,0,0,0,0,0,0,0,0,0,0,0,0,0,0,0,0,0,0,0,0,0,0,0,0,0,0,0,0,0,0,0,0,0,0,0,0,0,0,0,0,0,0,0,0,0,0,0,0,0,0,0,0,0,0,0,0,0,0,0,0,0,0,0,0,0,0,0,0,0,0,0,0,0,0,0,0,0,0,0,0,0,0,0,0,0,0,0,0,0,0,0,0,0,1,0,0,0,0,0,1,0,0,0,0,0,0,0,0,0,1,0,0,0,0,0,1,0,0,0,1,2,1,0,1,1,0,1,2,0,0,1,0,1,0,0,1,0,2,0,1,0,1,0,0,0,1,1,0,0,0,1,2,1,0,1,0,0,0,1,0,0,0,2,0,1,0,0,0,0,0,0,0,0,0,0,0,0,0,0,0,1,0,0,0,0,0,0,0,0,0,0,0,0,0,0,0,0,0,0,0,0
"eSwatini",0,0,0,0,0,0,0,0,0,0,0,0,0,0,0,0,0,0,0,0,0,0,0,0,0,0,0,0,0,0,0,0,0,0,0,0,0,0,0,0,0,0,0,0,0,0,0,0,0,0,0,0,0,0,0,0,0,0,0,0,0,0,0,0,0,0,0,0,0,0,0,0,0,0,0,0,0,0,0,0,0,0,0,0,0,0,0,0,0,0,0,0,0,0,0,0,0,0,0,0,0,0,0,0,0,0,0,0,0,0,0,0,0,0,0,0,0,0,0,0,0,0,0,0,0,0,0,0,0,0,0,0,0,0,0,0,0,1,0,0,0,0,0,0,0,0,0,0,0,0,0,0,0,0,0,0,0,0,0,0,0,0,0,0,0,0,0,0,0,0,0,0,0,0,0,0,0,0,0,0,0,0,0,0,0,0,0,0,0,0,0,0,0,0,0,0,0,0,0,0,0,0,0,0,0,0,0,0,0,0,0,0,0
