design,outcome,estimator,event_time,att,se,conf_low,conf_high
25 km radius,Any STEM birth (pp),BJS + cohort linear trends,-60,11.934321868454091,3.1017421293696383,5.854907294889601,18.013736442018583
25 km radius,Any STEM birth (pp),BJS + cohort linear trends,-50,8.925262334372986,2.6249872783321617,3.780287268841949,14.070237399904023
25 km radius,Any STEM birth (pp),BJS + cohort linear trends,-40,11.358663973717244,2.72651363937839,6.014697240535599,16.702630706898887
25 km radius,Any STEM birth (pp),BJS + cohort linear trends,-30,9.448941751495022,2.452114207180677,4.642797905420895,14.255085597569149
25 km radius,Any STEM birth (pp),BJS + cohort linear trends,-20,16.393386195939478,2.7764634095285,10.951517913263618,21.835254478615337
25 km radius,Any STEM birth (pp),BJS + cohort linear trends,-10,18.171163973717253,2.852156370938125,12.580937486678527,23.761390460755976
25 km radius,Any STEM birth (pp),BJS + cohort linear trends,0,21.92412756293382,2.8921105108007428,16.255590961764362,27.592664164103276
25 km radius,Any STEM birth (pp),BJS + cohort linear trends,10,25.035238674044933,3.0524383605182033,19.052459487429253,31.018017860660613
25 km radius,Any STEM birth (pp),BJS + cohort linear trends,20,27.257460896267155,3.0053560115417013,21.36696311364542,33.14795867888889
25 km radius,Any STEM birth (pp),BJS + cohort linear trends,30,32.14634978515604,3.0613309987125765,26.14614102767939,38.14655854263269
25 km radius,Any STEM birth (pp),BJS + cohort linear trends,40,32.14634978515604,3.0571126919290688,26.154408908975064,38.13829066133702
25 km radius,Any STEM birth (pp),BJS + cohort linear trends,50,36.59079422960049,3.070254528980538,30.573095352798635,42.60849310640234
25 km radius,Any STEM birth (pp),BJS + cohort linear trends,60,29.035238674044933,2.98981460794893,23.17520204246503,34.895275305624835
25 km radius,Any STEM birth (pp),BJS imputation,-60,6.800267757965065,2.63519778172011,1.6352801057936492,11.96525541013648
25 km radius,Any STEM birth (pp),BJS imputation,-50,5.458990244583571,2.8235573920596475,-0.07518224385333827,10.99316273302048
25 km radius,Any STEM birth (pp),BJS imputation,-40,7.122219009118247,3.0614464337534852,1.1217839989614156,13.122654019275078
25 km radius,Any STEM birth (pp),BJS imputation,-30,3.807461869733736,2.7033119487750192,-1.4910295498653015,9.105953289332774
25 km radius,Any STEM birth (pp),BJS imputation,-20,9.049003680114954,3.230242089335144,2.7177291850180723,15.380278175211835
25 km radius,Any STEM birth (pp),BJS imputation,-10,9.99314733041909,3.3437361159144,3.439424543226866,16.546870117611313
25 km radius,Any STEM birth (pp),BJS imputation,0,6.720210768409799,2.3650605705009204,2.0846920502279946,11.355729486591603
25 km radius,Any STEM birth (pp),BJS imputation,10,8.849149045059585,2.7498485820115715,3.459445824316905,14.238852265802265
25 km radius,Any STEM birth (pp),BJS imputation,20,9.974062918336358,2.8468008678140486,4.394333217420823,15.553792619251894
25 km radius,Any STEM birth (pp),BJS imputation,30,14.258348083916026,2.8863308781490686,8.601139562743851,19.9155566050882
25 km radius,Any STEM birth (pp),BJS imputation,40,13.804642001791123,2.811604026132507,8.29389811057141,19.315385893010834
25 km radius,Any STEM birth (pp),BJS imputation,50,18.36509704578891,2.8834593411813136,12.713516737073537,24.016677354504285
25 km radius,Any STEM birth (pp),BJS imputation,60,11.353046000854622,2.9383220126097487,5.593934856139515,17.11215714556973
25 km radius,Any STEM birth (pp),Callaway-Sant'Anna DR,-60,-3.9151952310784583,3.6651715493419355,-11.098931467788653,3.268541005631735
25 km radius,Any STEM birth (pp),Callaway-Sant'Anna DR,-50,-5.845586580995704,3.524974917477112,-12.754537419250843,1.063364257259435
25 km radius,Any STEM birth (pp),Callaway-Sant'Anna DR,-40,-3.7446563002266253,3.259056102587998,-10.132406261299101,2.64309366084585
25 km radius,Any STEM birth (pp),Callaway-Sant'Anna DR,-30,-6.418722293126882,2.530347189904357,-11.378202785339422,-1.4592418009143424
25 km radius,Any STEM birth (pp),Callaway-Sant'Anna DR,-20,-0.9059598979046624,2.730983736245187,-6.258688020945229,4.446768225135905
25 km radius,Any STEM birth (pp),Callaway-Sant'Anna DR,-10,0,0,0,0
25 km radius,Any STEM birth (pp),Callaway-Sant'Anna DR,0,2.7986711285609167,2.7081250212729917,-2.5092539131341467,8.10659617025598
25 km radius,Any STEM birth (pp),Callaway-Sant'Anna DR,10,4.912499977685653,3.274935250068969,-1.506373112449526,11.33137306782083
25 km radius,Any STEM birth (pp),Callaway-Sant'Anna DR,20,6.05762727834567,3.0779361316410467,0.024872460329218526,12.090382096362122
25 km radius,Any STEM birth (pp),Callaway-Sant'Anna DR,30,10.331455717237281,3.241949682307174,3.9772343399152206,16.685677094559342
25 km radius,Any STEM birth (pp),Callaway-Sant'Anna DR,40,9.87987611905383,3.2672408585951285,3.4760840362073777,16.28366820190028
25 km radius,Any STEM birth (pp),Callaway-Sant'Anna DR,50,14.435128251493616,3.118880135723151,8.32212318547624,20.54813331751099
25 km radius,Any STEM birth (pp),Callaway-Sant'Anna DR,60,7.433120806279976,3.1093440604160847,1.3388064478644504,13.5274351646955
25 km radius,Any STEM birth (pp),Wooldridge ETWFE,-60,15.401943542519211,2.5738863024797047,10.35712638965899,20.44676069537943
25 km radius,Any STEM birth (pp),Wooldridge ETWFE,-50,11.87559882427796,2.3519457356290197,7.265785182445081,16.485412466110837
25 km radius,Any STEM birth (pp),Wooldridge ETWFE,-40,13.571269663167213,2.29770461634282,9.067768615135286,18.07477071119914
25 km radius,Any STEM birth (pp),Wooldridge ETWFE,-30,11.141252343911528,2.1705389558884485,6.88699599037017,15.395508697452886
25 km radius,Any STEM birth (pp),Wooldridge ETWFE,-20,17.23519730504672,2.1281397971902596,13.064043302553813,21.40635130753963
25 km radius,Any STEM birth (pp),Wooldridge ETWFE,-10,18.140161518312144,2.128140020133617,13.969007078850254,22.311315957774035
25 km radius,Any STEM birth (pp),Wooldridge ETWFE,0,21.013357828644246,2.1281399444567044,16.842203537509107,25.184512119779384
25 km radius,Any STEM birth (pp),Wooldridge ETWFE,10,23.139128104603426,2.1281402946783223,18.967973127033915,27.310283082172937
25 km radius,Any STEM birth (pp),Wooldridge ETWFE,20,24.263329122708107,2.128140301064683,20.09217413262133,28.434484112794884
25 km radius,Any STEM birth (pp),Wooldridge ETWFE,30,28.555593829714,2.128140351783149,24.384438740219025,32.72674891920897
25 km radius,Any STEM birth (pp),Wooldridge ETWFE,40,28.07011903352584,2.1281403993313477,23.898963850836402,32.24127421621528
25 km radius,Any STEM birth (pp),Wooldridge ETWFE,50,32.63535805828388,2.1281402007712815,28.464203264772166,36.80651285179559
25 km radius,Any STEM birth (pp),Wooldridge ETWFE,60,25.618249320201492,2.1281401149454373,21.447094694908436,29.78940394549455
25 km radius,STEM births (count),BJS + cohort linear trends,-60,0.2188104712239569,0.06652887214312375,0.08841388182343435,0.3492070606244794
25 km radius,STEM births (count),BJS + cohort linear trends,-50,0.25497670648423865,0.08201793568364914,0.09422155254428635,0.41573186042419097
25 km radius,STEM births (count),BJS + cohort linear trends,-40,0.3068038922765884,0.10124748159085738,0.10835882835850794,0.5052489561946688
25 km radius,STEM births (count),BJS + cohort linear trends,-30,0.3189566700543661,0.1054093701475765,0.11235430456511619,0.525559035543616
25 km radius,STEM births (count),BJS + cohort linear trends,-20,0.6361788922765886,0.16711693938007474,0.3086296910916421,0.9637280934615351
25 km radius,STEM births (count),BJS + cohort linear trends,-10,0.7117344478321442,0.19236114129128967,0.3347066109012165,1.088762284763072
25 km radius,STEM births (count),BJS + cohort linear trends,0,0.8902284916141552,0.20948021019945606,0.4796472796232213,1.300809703605089
25 km radius,STEM births (count),BJS + cohort linear trends,10,1.1035618249474886,0.3007790078622939,0.5140349695373926,1.6930886803575844
25 km radius,STEM births (count),BJS + cohort linear trends,20,1.4724507138363774,0.32293343910949096,0.8395011731817751,2.10540025449098
25 km radius,STEM births (count),BJS + cohort linear trends,30,1.8413396027252662,0.4525768685967707,0.9542889402755956,2.7283902651749368
25 km radius,STEM births (count),BJS + cohort linear trends,40,2.356895158280822,0.6449356254599407,1.0928213323793383,3.620968984182306
25 km radius,STEM births (count),BJS + cohort linear trends,50,3.1835618249474886,1.1118210543585754,1.004392558404681,5.362731091490296
25 km radius,STEM births (count),BJS + cohort linear trends,60,2.6013396027252664,0.9247113884960346,0.7889052812730386,4.4137739241774945
25 km radius,STEM births (count),BJS imputation,-60,0.007881307959640704,0.06897673856978831,-0.12731309963714438,0.1430757155564258
25 km radius,STEM births (count),BJS imputation,-50,0.1300333310093686,0.06577649835368904,0.001111394236138069,0.25895526778259914
25 km radius,STEM births (count),BJS imputation,-40,0.18450448781866677,0.07717486443574965,0.03324175352459746,0.3357672221127361
25 km radius,STEM births (count),BJS imputation,-30,0.1850396311097795,0.08204281297075537,0.02423571768709898,0.34584354453246
25 km radius,STEM births (count),BJS imputation,-20,0.4973127347181771,0.1380229254187597,0.22678780089740808,0.7678376685389461
25 km radius,STEM births (count),BJS imputation,-10,0.5624918205209155,0.17605536287026632,0.21742330929519355,0.9075603317466374
25 km radius,STEM births (count),BJS imputation,0,0.4725041524143644,0.14728586445510652,0.18382385808235563,0.7611844467463731
25 km radius,STEM births (count),BJS imputation,10,0.6699842394788192,0.26265724448390765,0.15517604029036025,1.1847924386672783
25 km radius,STEM births (count),BJS imputation,20,1.0215865082124256,0.27313623657476854,0.4862394845258793,1.5569335318989719
25 km radius,STEM births (count),BJS imputation,30,1.3791122590857932,0.4010149006763137,0.5931230537602183,2.165101464411368
25 km radius,STEM births (count),BJS imputation,40,1.8843586977668132,0.5829773679891386,0.7417230565081017,3.0269943390255247
25 km radius,STEM births (count),BJS imputation,50,2.710378776437406,1.0474684670446173,0.6573405810299562,4.763416971844856
25 km radius,STEM births (count),BJS imputation,60,2.1345102411157564,0.858997079805242,0.45087596469748203,3.818144517534031
25 km radius,STEM births (count),Callaway-Sant'Anna DR,-60,-0.623932034949945,0.2806609116665108,-1.174027421816306,-0.07383664808358381
25 km radius,STEM births (count),Callaway-Sant'Anna DR,-50,-0.4560772024331454,0.24291738274195895,-0.932195272607385,0.020040867741094093
25 km radius,STEM births (count),Callaway-Sant'Anna DR,-40,-0.388160631718343,0.16161151915471503,-0.7049192092615844,-0.07140205417510154
25 km radius,STEM births (count),Callaway-Sant'Anna DR,-30,-0.36974364137064825,0.14402060411456633,-0.6520240254351982,-0.08746325730609827
25 km radius,STEM births (count),Callaway-Sant'Anna DR,-20,-0.06159563252950659,0.08704861117950896,-0.23221091044134415,0.10901964538233097
25 km radius,STEM births (count),Callaway-Sant'Anna DR,-10,0,0,0,0
25 km radius,STEM births (count),Callaway-Sant'Anna DR,0,0.16792115180266018,0.13000827431249187,-0.0868950658498239,0.4227373694551443
25 km radius,STEM births (count),Callaway-Sant'Anna DR,10,0.36337935435183444,0.3319951752058487,-0.287331189051629,1.014089897755298
25 km radius,STEM births (count),Callaway-Sant'Anna DR,20,0.7154409811179165,0.27330953387551365,0.17975429472190974,1.2511276675139233
25 km radius,STEM births (count),Callaway-Sant'Anna DR,30,1.0732061818480643,0.36565851571261837,0.3565154910513323,1.7898968726447961
25 km radius,STEM births (count),Callaway-Sant'Anna DR,40,1.5788694494702915,0.5932213822747197,0.4161555402118411,2.741583358728742
25 km radius,STEM births (count),Callaway-Sant'Anna DR,50,2.4052603745030345,1.36265312709151,-0.2655397545963254,5.0760605036023945
25 km radius,STEM births (count),Callaway-Sant'Anna DR,60,1.829785259452817,1.1094252118405283,-0.3446881557546184,4.004258674660252
25 km radius,STEM births (count),Wooldridge ETWFE,-60,0.2723158438324065,0.18704632055328377,-0.09429494445202968,0.6389266321168426
25 km radius,STEM births (count),Wooldridge ETWFE,-50,0.3014593909563723,0.17091771345577544,-0.03353932741694754,0.6364581093296922
25 km radius,STEM births (count),Wooldridge ETWFE,-40,0.34360647029232044,0.16697586752264557,0.016333769947935117,0.6708791706367058
25 km radius,STEM births (count),Wooldridge ETWFE,-30,0.3486638981126818,0.15773476265923778,0.039503763300575756,0.6578240329247877
25 km radius,STEM births (count),Wooldridge ETWFE,-20,0.6553909748274089,0.1546535739285043,0.3522699699275405,0.9585119797272774
25 km radius,STEM births (count),Wooldridge ETWFE,-10,0.719263597018938,0.15465357098982377,0.41614259787888347,1.0223845961589926
25 km radius,STEM births (count),Wooldridge ETWFE,0,0.8908271136875521,0.1546536135808534,0.5877060310690794,1.1939481963060248
25 km radius,STEM births (count),Wooldridge ETWFE,10,1.088849083297349,0.15465358362718504,0.7857280593880662,1.3919701072066317
25 km radius,STEM births (count),Wooldridge ETWFE,20,1.4398224059137155,0.15465358993136458,1.1367013696482409,1.74294344217919
25 km radius,STEM births (count),Wooldridge ETWFE,30,1.797101848635443,0.15465357341531952,1.493980844741417,2.1002228525294693
25 km radius,STEM births (count),Wooldridge ETWFE,40,2.301103073421583,0.15465358694158557,1.9979820430160753,2.604224103827091
25 km radius,STEM births (count),Wooldridge ETWFE,50,3.1264530944722613,0.15465362988635767,2.8233319798950003,3.4295742090495223
25 km radius,STEM births (count),Wooldridge ETWFE,60,2.550359398295864,0.15465363455073355,2.2472382745764263,2.853480522015302
25 km radius,STEM share zero-filled (pp),BJS + cohort linear trends,-60,7.033869088801037,2.3330374767293542,2.4611156344115024,11.606622543190571
25 km radius,STEM share zero-filled (pp),BJS + cohort linear trends,-50,6.128529960316955,2.079208381036793,2.0532815334848404,10.20377838714907
25 km radius,STEM share zero-filled (pp),BJS + cohort linear trends,-40,6.73487676920113,1.9952755460764846,2.8241366988912207,10.645616839511039
25 km radius,STEM share zero-filled (pp),BJS + cohort linear trends,-30,4.859461198932618,1.7399281869505625,1.4492019525095161,8.26972044535572
25 km radius,STEM share zero-filled (pp),BJS + cohort linear trends,-20,11.509971794908905,2.192346294408799,7.21297305786766,15.80697053195015
25 km radius,STEM share zero-filled (pp),BJS + cohort linear trends,-10,10.11170089356255,1.936699761400181,6.315769361218194,13.907632425906904
25 km radius,STEM share zero-filled (pp),BJS + cohort linear trends,0,14.458384832505821,2.2168381718686576,10.113382015643253,18.80338764936839
25 km radius,STEM share zero-filled (pp),BJS + cohort linear trends,10,16.398688918681515,2.317388691391145,11.85660708355487,20.94077075380816
25 km radius,STEM share zero-filled (pp),BJS + cohort linear trends,20,18.33675682700794,2.3096766024142967,13.809790686275917,22.86372296773996
25 km radius,STEM share zero-filled (pp),BJS + cohort linear trends,30,19.6989399768341,2.2819471272973786,15.226323607331238,24.171556346336963
25 km radius,STEM share zero-filled (pp),BJS + cohort linear trends,40,19.42561554169582,2.2256663740503706,15.063309448557092,23.787921634834547
25 km radius,STEM share zero-filled (pp),BJS + cohort linear trends,50,22.076978654707418,2.257626219096194,17.65203126527888,26.501926044135956
25 km radius,STEM share zero-filled (pp),BJS + cohort linear trends,60,15.736523764795482,2.07397723106178,11.671528391914393,19.80151913767657
25 km radius,STEM share zero-filled (pp),BJS imputation,-60,4.1929740151422346,2.242564985806874,-0.2024533570392384,8.588401387323707
25 km radius,STEM share zero-filled (pp),BJS imputation,-50,4.177458865195315,2.3354898609725208,-0.40010126231082577,8.755018992701455
25 km radius,STEM share zero-filled (pp),BJS imputation,-40,3.982220556460159,2.3545411629382405,-0.6326801228987917,8.59712123581911
25 km radius,STEM share zero-filled (pp),BJS imputation,-30,0.7334165288423375,2.042337062939281,-3.2695641145186536,4.736397172203329
25 km radius,STEM share zero-filled (pp),BJS imputation,-20,5.8230060910759764,2.5092671738695342,0.9048424302916898,10.741169751860262
25 km radius,STEM share zero-filled (pp),BJS imputation,-10,3.706720013390632,2.4858276586340486,-1.1655021975321032,8.578942224313368
25 km radius,STEM share zero-filled (pp),BJS imputation,0,4.093713441512438,2.0513039814012566,0.0731576379659753,8.114269245058901
25 km radius,STEM share zero-filled (pp),BJS imputation,10,5.1822631301830455,2.3153376511787727,0.6442013338726511,9.72032492649344
25 km radius,STEM share zero-filled (pp),BJS imputation,20,6.319074556090833,2.379953718987542,1.6543652668752502,10.983783845306416
25 km radius,STEM share zero-filled (pp),BJS imputation,30,7.196944590667214,2.3368487902285144,2.6167209618193255,11.777168219515103
25 km radius,STEM share zero-filled (pp),BJS imputation,40,6.67993992606244,2.240224158884944,2.28910057464795,11.07077927747693
25 km radius,STEM share zero-filled (pp),BJS imputation,50,9.437366340874693,2.269998634455424,4.988169017342062,13.886563664407323
25 km radius,STEM share zero-filled (pp),BJS imputation,60,3.6108110115365792,2.220536703735875,-0.7414409277857357,7.963062950858895
25 km radius,STEM share zero-filled (pp),Callaway-Sant'Anna DR,-60,-0.3866411844178288,3.047029605479313,-6.358819211157282,5.585536842321625
25 km radius,STEM share zero-filled (pp),Callaway-Sant'Anna DR,-50,-1.0608385912310765,2.815437938838848,-6.579096951355218,4.457419768893066
25 km radius,STEM share zero-filled (pp),Callaway-Sant'Anna DR,-40,-0.7887274379141385,2.740459992332726,-6.160029022886282,4.582574147058005
25 km radius,STEM share zero-filled (pp),Callaway-Sant'Anna DR,-30,-3.2826988205841494,2.2078416323737247,-7.610068420036649,1.0446707788683507
25 km radius,STEM share zero-filled (pp),Callaway-Sant'Anna DR,-20,2.133378256756596,2.278642636805142,-2.332761311381482,6.599517824894674
25 km radius,STEM share zero-filled (pp),Callaway-Sant'Anna DR,-10,0,0,0,0
25 km radius,STEM share zero-filled (pp),Callaway-Sant'Anna DR,0,3.518922554424699,2.192086199262949,-0.7775663961306813,7.815411504980079
25 km radius,STEM share zero-filled (pp),Callaway-Sant'Anna DR,10,4.591585731114889,2.9808543562211804,-1.250888807078625,10.434060269308404
25 km radius,STEM share zero-filled (pp),Callaway-Sant'Anna DR,20,5.755040183312008,2.998624825827007,-0.12226447530892592,11.632344841932943
25 km radius,STEM share zero-filled (pp),Callaway-Sant'Anna DR,30,6.628783504634136,2.649334115456219,1.436088638339947,11.821478370928325
25 km radius,STEM share zero-filled (pp),Callaway-Sant'Anna DR,40,6.105483646042035,2.476142587739789,1.2522441740720485,10.958723118012022
25 km radius,STEM share zero-filled (pp),Callaway-Sant'Anna DR,50,8.856719068266614,2.610265787774194,3.7405981242291935,13.972840012304033
25 km radius,STEM share zero-filled (pp),Callaway-Sant'Anna DR,60,3.0350056340572324,2.6111460083810387,-2.0828405423696035,8.15285181048407
25 km radius,STEM share zero-filled (pp),Wooldridge ETWFE,-60,9.885485153566105,2.2813903814573884,5.413960005909623,14.357010301222587
25 km radius,STEM share zero-filled (pp),Wooldridge ETWFE,-50,8.562755513959972,2.0846710259827503,4.476800303033782,12.648710724886163
25 km radius,STEM share zero-filled (pp),Wooldridge ETWFE,-40,8.49208004046152,2.0365928214255726,4.500358110467397,12.483801970455643
25 km radius,STEM share zero-filled (pp),Wooldridge ETWFE,-30,6.199874357598008,1.9238792563228915,2.429071015205141,9.970677699990876
25 km radius,STEM share zero-filled (pp),Wooldridge ETWFE,-20,12.078463384217525,1.8862962492488307,8.381322735689817,15.775604032745232
25 km radius,STEM share zero-filled (pp),Wooldridge ETWFE,-10,9.938140958572632,1.8862987501864856,6.2409954082071195,13.635286508938144
25 km radius,STEM share zero-filled (pp),Wooldridge ETWFE,0,13.486790776953717,1.8862987073119015,9.78964531062239,17.183936243285043
25 km radius,STEM share zero-filled (pp),Wooldridge ETWFE,10,14.578741815754375,1.886298796347839,10.88159617491261,18.275887456596138
25 km radius,STEM share zero-filled (pp),Wooldridge ETWFE,20,15.717244889253026,1.8862987438257242,12.020099351354606,19.414390427151446
25 km radius,STEM share zero-filled (pp),Wooldridge ETWFE,30,16.5988233617331,1.8862989589514187,12.90167740218832,20.29596932127788
25 km radius,STEM share zero-filled (pp),Wooldridge ETWFE,40,16.061560833301566,1.8862988532442213,12.364415080942893,19.75870658566024
25 km radius,STEM share zero-filled (pp),Wooldridge ETWFE,50,18.828094458508826,1.886298792242511,15.130948825713505,22.52524009130415
25 km radius,STEM share zero-filled (pp),Wooldridge ETWFE,60,12.999875763518581,1.8862989780297732,9.302729766580226,16.697021760456938
County of school,Any STEM birth (pp),BJS + cohort linear trends,-60,18.118539944971,5.699904365990686,6.946727387629258,29.290352502312743
County of school,Any STEM birth (pp),BJS + cohort linear trends,-50,18.172521051583683,5.341811516488047,7.702570479267111,28.642471623900256
County of school,Any STEM birth (pp),BJS + cohort linear trends,-40,24.439489377375544,5.603625816185791,13.456382777651394,35.4225959770997
County of school,Any STEM birth (pp),BJS + cohort linear trends,-30,25.063985751267563,5.4379969509920105,14.405511727323223,35.7224597752119
County of school,Any STEM birth (pp),BJS + cohort linear trends,-20,33.55713643619907,5.658097579514152,22.467265180351333,44.64700769204681
County of school,Any STEM birth (pp),BJS + cohort linear trends,-10,34.89046976953241,5.689415392857983,23.739215599530763,46.04172393953405
County of school,Any STEM birth (pp),BJS + cohort linear trends,0,49.390211599470234,4.776665672541048,40.02794688128978,58.75247631765069
County of school,Any STEM birth (pp),BJS + cohort linear trends,10,44.0568782661369,5.388992596419714,33.49445277715426,54.61930375511954
County of school,Any STEM birth (pp),BJS + cohort linear trends,20,54.72354493280357,5.42764082665266,44.085368912564356,65.36172095304278
County of school,Any STEM birth (pp),BJS + cohort linear trends,30,61.390211599470234,4.8635791150395145,51.85759653399279,70.92282666494768
County of school,Any STEM birth (pp),BJS + cohort linear trends,40,60.0568782661369,5.036960491905836,50.18443570200146,69.92932083027233
County of school,Any STEM birth (pp),BJS + cohort linear trends,50,70.72354493280356,4.059499325959579,62.76692625392279,78.68016361168434
County of school,Any STEM birth (pp),BJS + cohort linear trends,60,53.390211599470234,5.400015385078101,42.806181444717154,63.974241754223314
County of school,Any STEM birth (pp),BJS imputation,-60,8.112712990366674,3.8888882947200027,0.49049193271546887,15.73493404801788
County of school,Any STEM birth (pp),BJS imputation,-50,10.850209866336257,4.437491538702269,2.1527264504798094,19.547693282192704
County of school,Any STEM birth (pp),BJS imputation,-40,17.067429247411038,5.4748810332607025,6.336662422220062,27.798196072602014
County of school,Any STEM birth (pp),BJS imputation,-30,17.071305344462058,5.425657460259512,6.437016722353416,27.7055939665707
County of school,Any STEM birth (pp),BJS imputation,-20,24.810174135270746,5.713696954849943,13.611328103764858,36.00902016677664
County of school,Any STEM birth (pp),BJS imputation,-10,25.178776214108247,6.625845752291765,12.192118539616388,38.165433888600106
County of school,Any STEM birth (pp),BJS imputation,0,24.234565653191353,4.645484138629418,15.129416741477694,33.33971456490501
County of school,Any STEM birth (pp),BJS imputation,10,17.98680368784555,5.491013729041793,7.224416778923638,28.749190596767463
County of school,Any STEM birth (pp),BJS imputation,20,27.52803113692993,5.221213982612963,17.29445173100852,37.761610542851336
County of school,Any STEM birth (pp),BJS imputation,30,33.67918941828972,5.482609762202012,22.933274284373773,44.42510455220566
County of school,Any STEM birth (pp),BJS imputation,40,32.242558912357694,4.9972755851141235,22.447898765534013,42.037219059181375
County of school,Any STEM birth (pp),BJS imputation,50,43.35921790719265,4.657691879758016,34.23014182286694,52.48829399151836
County of school,Any STEM birth (pp),BJS imputation,60,26.744376574101704,6.009668156601279,14.965426987163196,38.52332616104021
County of school,Any STEM birth (pp),Callaway-Sant'Anna DR,-60,-17.221764463781984,8.050018693568303,-32.999801103175855,-1.4437278243881106
County of school,Any STEM birth (pp),Callaway-Sant'Anna DR,-50,-15.699481669998654,6.9511459205110615,-29.323727674200335,-2.075235665796974
County of school,Any STEM birth (pp),Callaway-Sant'Anna DR,-40,-8.488930050886893,6.289247455279262,-20.815855063234245,3.83799496146046
County of school,Any STEM birth (pp),Callaway-Sant'Anna DR,-30,-8.749413304951835,6.431374832960776,-21.354907977554955,3.856081367651285
County of school,Any STEM birth (pp),Callaway-Sant'Anna DR,-20,-0.3327087447749982,5.931670090514365,-11.958782122183154,11.293364632633159
County of school,Any STEM birth (pp),Callaway-Sant'Anna DR,-10,0,0,0,0
County of school,Any STEM birth (pp),Callaway-Sant'Anna DR,0,13.519898717512838,5.768340524345068,2.213951289796505,24.82584614522917
County of school,Any STEM birth (pp),Callaway-Sant'Anna DR,10,7.250554782027659,6.839694556089155,-6.155246547907084,20.656356111962403
County of school,Any STEM birth (pp),Callaway-Sant'Anna DR,20,16.78847755153425,5.7947364266561125,5.43079415528827,28.14616094778023
County of school,Any STEM birth (pp),Callaway-Sant'Anna DR,30,22.931724204218476,6.585187475173605,10.024756752878211,35.83869165555874
County of school,Any STEM birth (pp),Callaway-Sant'Anna DR,40,21.50002002666466,6.269457555135469,9.21188321859914,33.78815683473018
County of school,Any STEM birth (pp),Callaway-Sant'Anna DR,50,32.62395877779918,5.699810023120186,21.452331132483618,43.79558642311474
County of school,Any STEM birth (pp),Callaway-Sant'Anna DR,60,16.018781946082346,7.080044569090648,2.141894590664675,29.895669301500014
County of school,Any STEM birth (pp),Wooldridge ETWFE,-60,21.424114936716226,4.169827395395617,13.251253241740816,29.596976631691636
County of school,Any STEM birth (pp),Wooldridge ETWFE,-50,20.8086334548691,3.9072487476347475,13.150425909504994,28.466841000233202
County of school,Any STEM birth (pp),Wooldridge ETWFE,-40,26.284425679133882,3.820921222693193,18.795420082655223,33.77343127561254
County of school,Any STEM birth (pp),Wooldridge ETWFE,-30,26.279916869852592,3.6891434533774836,19.049195701232726,33.51063803847246
County of school,Any STEM birth (pp),Wooldridge ETWFE,-20,33.72963567176149,3.640153345716991,26.59493511415619,40.86433622936679
County of school,Any STEM birth (pp),Wooldridge ETWFE,-10,34.08330614484593,3.6401533078496806,26.948605661460554,41.2180066282313
County of school,Any STEM birth (pp),Wooldridge ETWFE,0,47.668080478730424,3.640154210204049,40.53337822673049,54.80278273073036
County of school,Any STEM birth (pp),Wooldridge ETWFE,10,41.41598694963437,3.6401528972843136,34.28128727095712,48.550686628311624
County of school,Any STEM birth (pp),Wooldridge ETWFE,20,50.95334420901792,3.6401535389214246,43.818643272731926,58.088045145303916
County of school,Any STEM birth (pp),Wooldridge ETWFE,30,57.10277324654623,3.6401535860084633,49.96807221796964,64.23747427512282
County of school,Any STEM birth (pp),Wooldridge ETWFE,40,55.64502447003388,3.6401536465824047,48.51032332273237,62.779725617335394
County of school,Any STEM birth (pp),Wooldridge ETWFE,50,66.75889070168991,3.6401531347467224,59.62419055758633,73.89359084579348
County of school,Any STEM birth (pp),Wooldridge ETWFE,60,50.13507340967252,3.640153272452705,43.00037299566522,57.26977382367983
County of school,STEM births (count),BJS + cohort linear trends,-60,0.6830277208807578,0.43827871668738966,-0.1759985638265259,1.5420540055880414
County of school,STEM births (count),BJS + cohort linear trends,-50,0.9550924982086928,0.544706920233318,-0.11253306544861053,2.022718061865996
County of school,STEM births (count),BJS + cohort linear trends,-40,0.8053187425525845,0.4074636616633228,0.006689965692471822,1.603947519412697
County of school,STEM births (count),BJS + cohort linear trends,-30,1.0031430777661219,0.38440853815815235,0.24970234297614324,1.7565838125561006
County of school,STEM births (count),BJS + cohort linear trends,-20,1.466887370003565,0.5129240199618604,0.4615562908783186,2.4722184491288113
County of school,STEM births (count),BJS + cohort linear trends,-10,1.8935540366702317,0.8912385558233382,0.14672646725648875,3.6403816060839747
County of school,STEM births (count),BJS + cohort linear trends,0,3.3794792661266313,1.4599281068309578,0.518020176737954,6.240938355515309
County of school,STEM births (count),BJS + cohort linear trends,10,5.779479266126632,2.8191850454483958,0.25387657704777666,11.305081955205488
County of school,STEM births (count),BJS + cohort linear trends,20,5.566145932793298,2.36649178216796,0.9278220397440968,10.2044698258425
County of school,STEM births (count),BJS + cohort linear trends,30,7.379479266126632,2.8501657199246697,1.793154455074279,12.965804077178984
County of school,STEM births (count),BJS + cohort linear trends,40,5.872812599459965,1.5288743010398516,2.876218969421856,8.869406229498074
County of school,STEM births (count),BJS + cohort linear trends,50,5.046145932793298,1.111729424204828,2.8671562613518353,7.22513560423476
County of school,STEM births (count),BJS + cohort linear trends,60,3.966145932793298,0.9585825334500154,2.0873241672312677,5.844967698355329
County of school,STEM births (count),BJS imputation,-60,0.6773934607263432,0.5661360028812394,-0.43223310492088607,1.7870200263735725
County of school,STEM births (count),BJS imputation,-50,1.1179423274786522,0.744869412956534,-0.3420017219161544,2.577886376873459
County of school,STEM births (count),BJS imputation,-40,1.0127343394743655,0.6330903023938473,-0.2281226532175753,2.253591332166306
County of school,STEM births (count),BJS imputation,-30,1.1922904209527616,0.6182424932857379,-0.019464865887284688,2.404045707792808
County of school,STEM births (count),BJS imputation,-20,1.679959129579381,0.7828652166475469,0.14554330495018908,3.214374954208573
County of school,STEM births (count),BJS imputation,-10,2.092367414620559,1.1742886694703072,-0.20923837754124275,4.393973206782361
County of school,STEM births (count),BJS imputation,0,2.4802919541022703,1.1863491988981758,0.15504752426184565,4.8055363839426946
County of school,STEM births (count),BJS imputation,10,4.861220143596887,2.5461091536586635,-0.1291537975740935,9.851594084767868
County of school,STEM births (count),BJS imputation,20,4.623061492770299,2.0952953672804004,0.5162825729007139,8.729840412639884
County of school,STEM births (count),BJS imputation,30,6.422154122755646,2.5801171730213848,1.3651244636337312,11.479183781877559
County of school,STEM births (count),BJS imputation,40,4.9065369328695825,1.298121240023831,2.362219302422874,7.450854563316291
County of school,STEM births (count),BJS imputation,50,4.084719322054203,1.016572064254156,2.0922380761160566,6.077200567992349
County of school,STEM births (count),BJS imputation,60,3.0159763989415764,0.9125693850441589,1.227340404255025,4.804612393628128
County of school,STEM births (count),Callaway-Sant'Anna DR,-60,-1.5782906439398072,1.0041076824606376,-3.546341701562657,0.3897604136830426
County of school,STEM births (count),Callaway-Sant'Anna DR,-50,-1.0547999500243004,0.6719055013609803,-2.371734732691822,0.2621348326432209
County of school,STEM births (count),Callaway-Sant'Anna DR,-40,-1.124333287009746,0.7933704958881126,-2.6793394589504467,0.4306728849309547
County of school,STEM births (count),Callaway-Sant'Anna DR,-30,-0.9091038247946683,0.834816141516796,-2.5453434621675886,0.7271358125782517
County of school,STEM births (count),Callaway-Sant'Anna DR,-20,-0.40955276607520535,0.5891251928825927,-1.564238144125087,0.7451326119746762
County of school,STEM births (count),Callaway-Sant'Anna DR,-10,0,0,0,0
County of school,STEM births (count),Callaway-Sant'Anna DR,0,1.4714141051322502,1.1822442460573155,-0.845784617140088,3.7886128274045885
County of school,STEM births (count),Callaway-Sant'Anna DR,10,3.8507903303143003,3.5131874269287393,-3.0350570264660286,10.736637687094628
County of school,STEM births (count),Callaway-Sant'Anna DR,20,3.612281650230131,2.756117392979159,-1.7897084400090209,9.014271740469283
County of school,STEM births (count),Callaway-Sant'Anna DR,30,5.4112058742536835,3.4851238323191933,-1.419636837091935,12.242048585599303
County of school,STEM births (count),Callaway-Sant'Anna DR,40,3.8953306821284515,1.1338637111161547,1.6729578083407883,6.117703555916115
County of school,STEM births (count),Callaway-Sant'Anna DR,50,3.0737382136804294,1.2053181499851313,0.7113146397095722,5.436161787651287
County of school,STEM births (count),Callaway-Sant'Anna DR,60,2.005585157288971,1.1696046853640403,-0.2868400260245476,4.29801034060249
County of school,STEM births (count),Wooldridge ETWFE,-60,0.743762342230131,0.2703473228301177,0.21388158948310032,1.2736430949771618
County of school,STEM births (count),Wooldridge ETWFE,-50,1.0061990212085747,0.2533234544008719,0.5096850505828658,1.5027129918342836
County of school,STEM births (count),Wooldridge ETWFE,-40,0.8453795221197433,0.24772612724939214,0.35983631271093475,1.330922731528552
County of school,STEM births (count),Wooldridge ETWFE,-30,1.0347940736118708,0.23918258834295877,0.5659962004596717,1.50359194676407
County of school,STEM births (count),Wooldridge ETWFE,-20,1.4834714518776313,0.2360062001790954,1.0208992995266044,1.9460436042286582
County of school,STEM births (count),Wooldridge ETWFE,-10,1.8951038607956199,0.23600650334537168,1.4325311142386914,2.3576766073525484
County of school,STEM births (count),Wooldridge ETWFE,0,3.370375203917469,0.23600643786114578,2.9078025857096232,3.8329478221253144
County of school,STEM births (count),Wooldridge ETWFE,10,5.751460576404376,0.23600640596021416,5.288888020722355,6.214033132086396
County of school,STEM births (count),Wooldridge ETWFE,20,5.514549211531803,0.23600644973904464,5.0519765700432755,5.977121853020331
County of school,STEM births (count),Wooldridge ETWFE,30,7.31155193040202,0.23600622036674315,6.848979738483203,7.774124122320837
County of school,STEM births (count),Wooldridge ETWFE,40,5.795393148454635,0.23600633256683715,5.332820736623634,6.257965560285636
County of school,STEM births (count),Wooldridge ETWFE,50,4.973028820014823,0.2360063244342735,4.510456424123648,5.435601215905999
County of school,STEM births (count),Wooldridge ETWFE,60,3.903138662320051,0.2360063632529383,3.440566190344292,4.36571113429581
County of school,STEM share zero-filled (pp),BJS + cohort linear trends,-60,9.818744849757266,3.9252612912510085,2.1252327189052895,17.512256980609244
County of school,STEM share zero-filled (pp),BJS + cohort linear trends,-50,12.462386815735925,4.014763816625167,4.593449735150599,20.33132389632125
County of school,STEM share zero-filled (pp),BJS + cohort linear trends,-40,13.34504795080787,3.8566175525607,5.786077547788899,20.904018353826842
County of school,STEM share zero-filled (pp),BJS + cohort linear trends,-30,17.35687632685411,4.25951399520709,9.008228896248212,25.705523757460007
County of school,STEM share zero-filled (pp),BJS + cohort linear trends,-20,21.70057135297293,4.186239833617445,13.495541279082737,29.90560142686312
County of school,STEM share zero-filled (pp),BJS + cohort linear trends,-10,19.734195051430383,3.9086923255931314,12.073158093267846,27.39523200959292
County of school,STEM share zero-filled (pp),BJS + cohort linear trends,0,34.570831125761025,3.9975997622563226,26.735535591738632,42.40612665978342
County of school,STEM share zero-filled (pp),BJS + cohort linear trends,10,23.792384808606766,3.6804349422432945,16.57873232180991,31.006037295403623
County of school,STEM share zero-filled (pp),BJS + cohort linear trends,20,34.17878123569199,3.9949558851917963,26.34866770071607,42.008894770667915
County of school,STEM share zero-filled (pp),BJS + cohort linear trends,30,33.30585803397367,3.5163305856472955,26.413850086104972,40.19786598184237
County of school,STEM share zero-filled (pp),BJS + cohort linear trends,40,33.22113924529376,3.546378445579687,26.270237491957577,40.17204099862995
County of school,STEM share zero-filled (pp),BJS + cohort linear trends,50,40.602165825455046,3.410964793920817,33.916674829370244,47.28765682153985
County of school,STEM share zero-filled (pp),BJS + cohort linear trends,60,24.9924139941406,3.3446960608367435,18.43680971490058,31.548018273380617
County of school,STEM share zero-filled (pp),BJS imputation,-60,4.060811390369983,3.3086867284734947,-2.424214597438067,10.545837378178032
County of school,STEM share zero-filled (pp),BJS imputation,-50,8.073590438118192,3.5231954287550455,1.1681273977583029,14.97905347847808
County of school,STEM share zero-filled (pp),BJS imputation,-40,8.402523300605237,3.9401710309806384,0.6797880798831857,16.12525852132729
County of school,STEM share zero-filled (pp),BJS imputation,-30,12.226786802457513,4.396867028723505,3.6089274261594433,20.844646178755582
County of school,STEM share zero-filled (pp),BJS imputation,-20,15.542704814116174,4.4721308378027445,6.7773283720227955,24.308081256209555
County of school,STEM share zero-filled (pp),BJS imputation,-10,12.778331733832491,4.94412925232415,3.0878383992771568,22.468825068387826
County of school,STEM share zero-filled (pp),BJS imputation,0,18.213617536987638,4.063973052972346,10.248230353161839,26.179004720813438
County of school,STEM share zero-filled (pp),BJS imputation,10,6.682895499621233,4.1425583270194375,-1.4365188213368638,14.802309820579328
County of school,STEM share zero-filled (pp),BJS imputation,20,16.280543358051695,3.9758406131288497,8.48789575631915,24.07319095978424
County of school,STEM share zero-filled (pp),BJS imputation,30,15.013747521583822,4.135271694678367,6.908615000014223,23.11888004315342
County of school,STEM share zero-filled (pp),BJS imputation,40,15.004078548824825,3.617462857749768,7.913851347635281,22.09430575001437
County of school,STEM share zero-filled (pp),BJS imputation,50,22.7523392701788,3.90985562199215,15.089022251074187,30.415656289283415
County of school,STEM share zero-filled (pp),BJS imputation,60,7.779122153440797,3.9621261274090913,0.013354943718978163,15.544889363162616
County of school,STEM share zero-filled (pp),Callaway-Sant'Anna DR,-60,-8.044167776516545,6.071976606936869,-19.945241926112807,3.8569063730797186
County of school,STEM share zero-filled (pp),Callaway-Sant'Anna DR,-50,-6.106565747220337,5.533266450378741,-16.95176798996267,4.738636495521995
County of school,STEM share zero-filled (pp),Callaway-Sant'Anna DR,-40,-4.937014766435165,5.485451979056118,-15.688500645385155,5.814471112514826
County of school,STEM share zero-filled (pp),Callaway-Sant'Anna DR,-30,-1.1699641079191287,5.180856047715005,-11.324441961440538,8.984513745602282
County of school,STEM share zero-filled (pp),Callaway-Sant'Anna DR,-20,2.785499301799926,4.953581289638789,-6.9235200258921,12.494518629491953
County of school,STEM share zero-filled (pp),Callaway-Sant'Anna DR,-10,0,0,0,0
County of school,STEM share zero-filled (pp),Callaway-Sant'Anna DR,0,14.01710337151948,4.715537937528203,4.774649013964202,23.259557729074757
County of school,STEM share zero-filled (pp),Callaway-Sant'Anna DR,10,2.4718651867805934,5.5634023582616265,-8.432403435412194,13.376133808973382
County of school,STEM share zero-filled (pp),Callaway-Sant'Anna DR,20,12.067825976380968,5.190941070166066,1.893581478855479,22.24207047390646
County of school,STEM share zero-filled (pp),Callaway-Sant'Anna DR,30,10.799065144147884,5.3933625314847555,0.22807458243776324,21.370055705858004
County of school,STEM share zero-filled (pp),Callaway-Sant'Anna DR,40,10.79000321084069,5.189430118815823,0.6187201779616771,20.9612862437197
County of school,STEM share zero-filled (pp),Callaway-Sant'Anna DR,50,18.542122379780235,5.1561907594107295,8.435988491335205,28.648256268225264
County of school,STEM share zero-filled (pp),Callaway-Sant'Anna DR,60,3.575183659614952,4.893513437304184,-6.01610267750125,13.166469996731154
County of school,STEM share zero-filled (pp),Wooldridge ETWFE,-60,12.500107382788741,3.700539123247957,5.247050701222745,19.753164064354735
County of school,STEM share zero-filled (pp),Wooldridge ETWFE,-50,14.590917244585048,3.467511734325292,7.794594245307476,21.38724024386262
County of school,STEM share zero-filled (pp),Wooldridge ETWFE,-40,14.758870993693321,3.390899669122658,8.112707642212913,21.405034345173732
County of school,STEM share zero-filled (pp),Wooldridge ETWFE,-30,18.261256007731813,3.2739531698228874,11.844307794878954,24.67820422058467
County of school,STEM share zero-filled (pp),Wooldridge ETWFE,-20,21.671536114580192,3.2304758550067185,15.339803438767024,28.00326879039336
County of school,STEM share zero-filled (pp),Wooldridge ETWFE,-10,18.89569990742923,3.2304766996771734,12.56396557606197,25.22743423879649
County of school,STEM share zero-filled (pp),Wooldridge ETWFE,0,32.950520551955904,3.230478102938653,26.618783470196146,39.282257633715666
County of school,STEM share zero-filled (pp),Wooldridge ETWFE,10,21.416005684957884,3.230476447877228,15.084271847118519,27.74773952279725
County of school,STEM share zero-filled (pp),Wooldridge ETWFE,20,31.015044135074525,3.2304767290425507,24.683309746151124,37.346778523997926
County of school,STEM share zero-filled (pp),Wooldridge ETWFE,30,29.746688073188878,3.2304762986376914,23.414954527859003,36.07842161851875
County of school,STEM share zero-filled (pp),Wooldridge ETWFE,40,29.721313255166734,3.230476307863814,23.38957969175366,36.05304681857981
County of school,STEM share zero-filled (pp),Wooldridge ETWFE,50,37.4713404531978,3.2304761428533824,31.139607213205167,43.80307369319043
County of school,STEM share zero-filled (pp),Wooldridge ETWFE,60,22.49236556398245,3.2304769587057343,16.16063072491921,28.82410040304569
