sample,design,spec,outcome,lead_m60,se_m60,lead_m40,se_m40,lead_m20,se_m20
All controls,25 km radius,Any exposure,Any STEM birth (pp),-3.9151952310784583,3.9877039813149207,-3.7446563002266253,3.473650495163181,-0.9059598979046624,2.7435559435899286
All controls,25 km radius,Any exposure,STEM births (count),-0.623932034949945,0.28651125573685804,-0.388160631718343,0.1583356443489396,-0.06159563252950659,0.09545519945690645
All controls,25 km radius,Any exposure,STEM share smoothed (pp),-1.8160023879186955,2.510595587110147,-1.427073202413856,2.0275376028214644,1.6282737315133264,1.6617058687272659
All controls,25 km radius,Any exposure,STEM share zero-filled (pp),-0.3866411844178288,3.132309284562781,-0.7887274379141385,2.717489385000535,2.133378256756596,2.4170393808305684
All controls,25 km radius,High-access first exposure,Any STEM birth (pp),-14.835216506021371,23.69153322091736,-8.670930597713344,5.953468528451527,7.033342854310126,6.494230004482552
All controls,25 km radius,High-access first exposure,STEM births (count),-0.9290008935829865,1.1871951705231656,-0.22114719408486788,0.2595445227978884,-0.12394579607615311,0.14274757002280997
All controls,25 km radius,High-access first exposure,STEM share smoothed (pp),-9.586395665944822,16.335967944260204,-5.285700241958086,4.255846914684705,4.5678132996951755,4.372840881905683
All controls,25 km radius,High-access first exposure,STEM share zero-filled (pp),-10.02357640037693,16.844308215383492,-5.437621810463403,4.9700287366607006,9.60166703238798,5.97395941265319
All controls,25 km radius,Low-access first exposure,Any STEM birth (pp),-3.542897215447727,3.748827104543135,-2.898031703023619,3.6479698275199035,-2.9270677082603083,3.0372186117600304
All controls,25 km radius,Low-access first exposure,STEM births (count),-0.6136305868847075,0.2906823697136853,-0.41840218681723773,0.19121834756586653,-0.04621912643915804,0.11660589366658662
All controls,25 km radius,Low-access first exposure,STEM share smoothed (pp),-1.5529958639266495,2.3244478080475948,-0.7696741452539771,2.4337044553340927,0.8753403072938627,1.9155289821691701
All controls,25 km radius,Low-access first exposure,STEM share zero-filled (pp),-0.05745300307630344,2.9921561003716746,0.011563281947556403,3.1295587087191725,0.22377980813273426,2.5366931398148553
All controls,County of school,Any exposure,Any STEM birth (pp),-17.221764463781984,7.682428886099091,-8.488930050886893,6.319992627741969,-0.3327087447749982,5.957183036716171
All controls,County of school,Any exposure,STEM births (count),-1.5782906439398072,1.0144649194665687,-1.124333287009746,0.810960398312835,-0.40955276607520535,0.58286566330562
All controls,County of school,Any exposure,STEM share smoothed (pp),-10.96532588588013,4.3327288269033755,-6.1861694315581595,3.952561663390093,2.2577478894174066,3.536183000814502
All controls,County of school,Any exposure,STEM share zero-filled (pp),-8.044167776516545,5.822667255687698,-4.937014766435165,5.205139671120802,2.785499301799926,5.1127958428789535
All controls,County of school,High-access first exposure,Any STEM birth (pp),-19.447885082068886,19.915901279402135,-22.265349907802722,17.922486695014452,0.7498064281133827,0.8815379090688452
All controls,County of school,High-access first exposure,STEM births (count),-11.41268220463298,8.537079325478697,-5.578904495198949,6.2425831329627135,-2.820916851661691,3.2260599307699818
All controls,County of school,High-access first exposure,STEM share smoothed (pp),-18.262435334109693,17.192209369955222,-21.129646213336787,10.57937225271516,-1.481566976910111,8.803014707320697
All controls,County of school,High-access first exposure,STEM share zero-filled (pp),-12.488857371830361,20.213633708963712,-19.299154989221332,14.815034473577695,1.6237224479442474,6.547392014493198
All controls,County of school,Low-access first exposure,Any STEM birth (pp),-17.05892619009277,8.231833161221285,-6.66309057421155,7.308135703992043,-0.5383423204690251,7.0080636107633865
All controls,County of school,Low-access first exposure,STEM births (count),-0.842246901042973,0.3077305500177857,-0.533886375801585,0.2563806767899118,0.048599589662287085,0.17110391080116588
All controls,County of school,Low-access first exposure,STEM share smoothed (pp),-10.418220648485129,4.682364410663727,-4.198994108622055,4.064867272027951,2.966734017752507,4.279051068325678
All controls,County of school,Low-access first exposure,STEM share zero-filled (pp),-7.713115318198194,6.379225806748042,-3.0282035629175645,5.701971589158137,3.0058735278648543,5.561005529775208
Not-yet-only controls,25 km radius,Any exposure,Any STEM birth (pp),3.5011037543082453,4.318221141900112,-0.9606141486946526,4.124517193413709,-1.166743698167131,3.6006834021712066
Not-yet-only controls,25 km radius,Any exposure,STEM births (count),-0.3748057614572215,0.2599634142128929,-0.20018965839917538,0.12176380698425736,0.010478284809824772,0.09001094388978101
Not-yet-only controls,25 km radius,Any exposure,STEM share smoothed (pp),1.787818570622625,2.518472295935584,-0.28991130995449643,2.6770120114240172,1.535494057899249,2.106009390957658
Not-yet-only controls,25 km radius,Any exposure,STEM share zero-filled (pp),3.557495544367003,3.35460384299815,-0.08567186069420309,3.141179940761819,1.58957843244853,2.9055242533772145
Not-yet-only controls,25 km radius,High-access first exposure,Any STEM birth (pp),NA,NA,-8.000000000000002,5.4559761641006155,17.397563676633442,14.366654212915096
Not-yet-only controls,25 km radius,High-access first exposure,STEM births (count),NA,NA,0.10400000000000001,0.21634131572433737,0.15581395348837207,0.3032425359663836
Not-yet-only controls,25 km radius,High-access first exposure,STEM share smoothed (pp),7.291666666666666,3.3461508403772258,-3.049999999999998,4.315196123750472,12.810858545908381,12.510170035973662
Not-yet-only controls,25 km radius,High-access first exposure,STEM share zero-filled (pp),NA,NA,-5.333333333333334,5.614120400741213,19.087418509443136,14.487234080322414
Not-yet-only controls,25 km radius,Low-access first exposure,Any STEM birth (pp),3.866517736570065,4.5750223691182565,0.2253840695740349,4.827346647732559,-3.6401987851846322,3.9515360805163993
Not-yet-only controls,25 km radius,Low-access first exposure,STEM births (count),-0.35103952023533586,0.2554293880536046,-0.2323819278355583,0.1552293118777821,0.018301872666968397,0.11383320409400652
Not-yet-only controls,25 km radius,Low-access first exposure,STEM share smoothed (pp),2.000836954112094,2.636990867047204,0.4171169463888291,2.900254918634512,0.27796979486283485,2.2661851544949423
Not-yet-only controls,25 km radius,Low-access first exposure,STEM share zero-filled (pp),3.544020802914066,3.1481423264550354,0.5071663802806552,3.649662912976298,-1.0030813757813515,3.265897211093148
Not-yet-only controls,County of school,Any exposure,Any STEM birth (pp),6.733334279845907,8.976193142979833,7.072901782272108,7.865607600297172,4.571195750220669,8.121881835520897
Not-yet-only controls,County of school,Any exposure,STEM births (count),-0.0993826844989638,0.39892417481925596,-0.452305395532067,0.5258773617711172,-0.06144149184522563,0.4071358419641571
Not-yet-only controls,County of school,Any exposure,STEM share smoothed (pp),3.03247446084169,5.258534495383711,2.734611949428585,4.972711146713509,5.0655731493550356,4.740174610130558
Not-yet-only controls,County of school,Any exposure,STEM share zero-filled (pp),8.158564890484328,6.484219870330481,4.457169890620989,7.014323110820283,5.152519000956877,6.70995973316674
Not-yet-only controls,County of school,High-access first exposure,Any STEM birth (pp),33.33333333333333,32.946715966791146,NA,NA,9.917355371900829,15.03766337327245
Not-yet-only controls,County of school,High-access first exposure,STEM births (count),-7.166666666666665,11.078333243833523,-2.3571428571428577,3.993948833525295,-2.7916666666666665,3.665109427158002
Not-yet-only controls,County of school,High-access first exposure,STEM share smoothed (pp),14.590252191058639,26.024314440717898,-7.21285083324254,22.740973229634545,2.1820497253772535,10.509090053939287
Not-yet-only controls,County of school,High-access first exposure,STEM share zero-filled (pp),37.11225950377349,34.83625950859336,1.2688308825001182,3.079926782359465,5.971143539198625,14.140465242327094
Not-yet-only controls,County of school,Low-access first exposure,Any STEM birth (pp),7.37424869163791,9.978858665988065,9.324727854863976,8.254658787963207,3.701106329577459,9.599413257358878
Not-yet-only controls,County of school,Low-access first exposure,STEM births (count),-0.21477877825262243,0.29678251644944736,-0.0855921165821016,0.25278604894844553,0.22990808569122462,0.18274066493034744
Not-yet-only controls,County of school,Low-access first exposure,STEM share smoothed (pp),4.002052992733097,6.0045482620136275,5.054673843552307,5.685324166355421,5.069146397073397,5.349115679999456
Not-yet-only controls,County of school,Low-access first exposure,STEM share zero-filled (pp),7.92244207672445,6.658235718668758,6.131732399810118,7.2383305732678584,4.344878870543288,7.4925040401742775
