spec,outcome,event_time,att,se,conf_low,conf_high
Any nearby elite-school exposure,STEM share (pct points),-40,-2.9204502228783125,6.768664021298062,-16.187031704622516,10.34613125886589
Any nearby elite-school exposure,STEM share (pct points),-30,-8.921718589459452,4.2044795997528155,-17.16249860497497,-0.6809385739439335
Any nearby elite-school exposure,STEM share (pct points),-20,-2.7217954493289787,4.374209237022077,-11.29524555389225,5.8516546552342925
Any nearby elite-school exposure,STEM share (pct points),0,-3.664667388619375,4.228623737053689,-11.952769913244605,4.623435136005856
Any nearby elite-school exposure,STEM share (pct points),10,-3.7345122828232005,3.805940810463864,-11.194156271332375,3.7251317056859734
Any nearby elite-school exposure,STEM share (pct points),20,-1.6908746207677428,4.209354012346663,-9.9412084849672,6.559459243431715
Any nearby elite-school exposure,STEM share (pct points),30,-0.25021480065819013,4.188660793502486,-8.459989955923064,7.959560354606683
Any nearby elite-school exposure,STEM share (pct points),40,1.8795020933443423,3.347939268088773,-4.6824588721096525,8.441463058798337
Any nearby elite-school exposure,STEM births per 100k,-40,-2.649215713065206,2.73954630786786,-8.018726476486211,2.7202950503557997
Any nearby elite-school exposure,STEM births per 100k,-30,-3.207130876616192,3.470201557715732,-10.008725929739027,3.594464176506643
Any nearby elite-school exposure,STEM births per 100k,-20,-3.222161744635494,3.5613028018649433,-10.202315236290783,3.7579917470197945
Any nearby elite-school exposure,STEM births per 100k,0,-0.1958399578730013,0.36895721341843835,-0.9189960961731405,0.5273161804271378
Any nearby elite-school exposure,STEM births per 100k,10,-0.17682240289183315,0.4613612060018752,-1.0810903666555085,0.7274455608718422
Any nearby elite-school exposure,STEM births per 100k,20,-0.0360745532838326,0.3776745427048155,-0.776316656985271,0.7041675504176058
Any nearby elite-school exposure,STEM births per 100k,30,-0.0021402072220903694,0.407193836922312,-0.8002401275898219,0.7959597131456411
Any nearby elite-school exposure,STEM births per 100k,40,-0.3074166883373884,0.3483269811960949,-0.9901375714817344,0.3753041948069576
Any nearby elite-school exposure,Any STEM birth (pct points),-40,-12.589380555896227,7.737270677831365,-27.754431084445702,2.575669972653248
Any nearby elite-school exposure,Any STEM birth (pct points),-30,-13.9969205167264,4.800610497097398,-23.4061170910373,-4.587723942415501
Any nearby elite-school exposure,Any STEM birth (pct points),-20,-7.086030557465547,4.545256192150161,-15.994732694079861,1.8226715791487678
Any nearby elite-school exposure,Any STEM birth (pct points),0,-3.4985585107594943,4.179458763583843,-11.690297687383826,4.693180665864837
Any nearby elite-school exposure,Any STEM birth (pct points),10,-2.3141577587894844,4.833224157739164,-11.787277107958246,7.158961590379278
Any nearby elite-school exposure,Any STEM birth (pct points),20,3.5094453238855943,5.073058035817553,-6.43374842631681,13.452639074087998
Any nearby elite-school exposure,Any STEM birth (pct points),30,4.584592523734569,4.855214572564386,-4.931628038491628,14.100813085960766
Any nearby elite-school exposure,Any STEM birth (pct points),40,6.638397740142815,3.7571756347352774,-0.7256665039383288,14.00246198422396
High-access first nearby exposure,STEM share (pct points),-40,-10.161090112840565,12.456669970091935,-34.57616325422076,14.25398302853963
High-access first nearby exposure,STEM share (pct points),-30,15.60842064403064,12.577823157838656,-9.044112745333125,40.260954033394405
High-access first nearby exposure,STEM share (pct points),-20,8.061427798643312,7.900517524851625,-7.423586550065874,23.546442147352497
High-access first nearby exposure,STEM share (pct points),0,-1.386716709932283,0.9576487660199191,-3.2637082913313247,0.4902748714667584
High-access first nearby exposure,STEM share (pct points),10,3.5377531971537133,5.482150585174059,-7.207261949787443,14.282768344094869
High-access first nearby exposure,STEM share (pct points),20,2.8616331725942414,3.5512640264938233,-4.098844319333653,9.822110664522135
High-access first nearby exposure,STEM share (pct points),30,-5.391701687213067,7.891864937752681,-20.859756965208323,10.076353590782187
High-access first nearby exposure,STEM share (pct points),40,5.3890930701696185,4.023481568144788,-2.496930803394167,13.275116943733405
High-access first nearby exposure,STEM births per 100k,-40,-0.7406105519196339,0.9094183404997895,-2.5230704992992212,1.0418493954599537
High-access first nearby exposure,STEM births per 100k,-30,-2.667194897888702,2.383803115342709,-7.339449003960411,2.0050592081830074
High-access first nearby exposure,STEM births per 100k,-20,0.743205916362008,0.7313672707546689,-0.6902739343171431,2.176685767041159
High-access first nearby exposure,STEM births per 100k,0,1.3228556280724217,2.305111374879297,-3.1951626666910005,5.8408739228358435
High-access first nearby exposure,STEM births per 100k,10,1.443691467613909,2.1670618322824944,-2.80374972365978,5.6911326588875975
High-access first nearby exposure,STEM births per 100k,20,1.159227872179291,2.0085103132802087,-2.777452341849918,5.0959080862084996
High-access first nearby exposure,STEM births per 100k,30,1.3099892595541027,2.20293938903399,-3.007771942952518,5.627750462060723
High-access first nearby exposure,STEM births per 100k,40,1.3965406348183087,2.3165787807162537,-3.1439537753855484,5.937035045022166
High-access first nearby exposure,Any STEM birth (pct points),-40,-29.622063329928505,33.032791767785476,-94.36633519478804,35.12220853493102
High-access first nearby exposure,Any STEM birth (pct points),-30,0.4510450758444343,0.5712432362965637,-0.6685916672968305,1.5706818189856993
High-access first nearby exposure,Any STEM birth (pct points),-20,-0.017137089769513128,0.5933794085272635,-1.1801607304829496,1.1458865509439233
High-access first nearby exposure,Any STEM birth (pct points),0,-0.6394604084408327,0.7895335233985195,-2.186946114301931,0.9080252974202653
High-access first nearby exposure,Any STEM birth (pct points),10,-1.388271652458772,0.7873167323766089,-2.9314124479169257,0.1548691429993816
High-access first nearby exposure,Any STEM birth (pct points),20,0.3215623327982884,1.5812924064782454,-2.777770783899072,3.4208954494956494
High-access first nearby exposure,Any STEM birth (pct points),30,-17.493166010019944,22.41418356495293,-61.42496579732769,26.438633777287794
High-access first nearby exposure,Any STEM birth (pct points),40,3.5486787156129056,3.10284406038057,-2.5328956427330116,9.630253073958823
Low-access first nearby exposure,STEM share (pct points),-40,-2.439306770931889,6.979335329421207,-16.11880401659745,11.240190474733675
Low-access first nearby exposure,STEM share (pct points),-30,-10.332287165328502,4.174754577690865,-18.514806137602598,-2.149768193054406
Low-access first nearby exposure,STEM share (pct points),-20,-3.1119470637178446,4.355786471874558,-11.649288548591977,5.425394421156289
Low-access first nearby exposure,STEM share (pct points),0,-3.769631364162854,4.50979255417733,-12.60882477035042,5.069562042024713
Low-access first nearby exposure,STEM share (pct points),10,-4.048822938712668,4.513039786626622,-12.894380920500847,4.796735043075511
Low-access first nearby exposure,STEM share (pct points),20,-1.8893818664683695,4.706981195332266,-11.11506500931961,7.336301276382871
Low-access first nearby exposure,STEM share (pct points),30,-0.031952336875732734,4.041298744297741,-7.952897875699305,7.888993201947839
Low-access first nearby exposure,STEM share (pct points),40,1.726776839365772,3.7269024945237876,-5.577952049900851,9.031505728632396
Low-access first nearby exposure,STEM births per 100k,-40,-2.7783570925737284,2.9492064911384746,-8.558801815205138,3.0020876300576815
Low-access first nearby exposure,STEM births per 100k,-30,-3.2429609236415318,3.4856956268490364,-10.074924352265644,3.5890025049825796
Low-access first nearby exposure,STEM births per 100k,-20,-3.36852648248543,3.6973854480061346,-10.615401960577454,3.878348995606594
Low-access first nearby exposure,STEM births per 100k,0,-0.2603421861145141,0.3489254776802031,-0.9442361223677121,0.42355175013868396
Low-access first nearby exposure,STEM births per 100k,10,-0.24637450694959942,0.4651974086580817,-1.1581614279194394,0.6654124140202407
Low-access first nearby exposure,STEM births per 100k,20,-0.08727195756260028,0.3417903454141307,-0.7571810345742965,0.5826371194490959
Low-access first nearby exposure,STEM births per 100k,30,-0.05944162251294466,0.3666741644522741,-0.7781229848394018,0.6592397398135126
Low-access first nearby exposure,STEM births per 100k,40,-0.38172339219260526,0.3288374054729857,-1.0262447069196572,0.2627979225344466
Low-access first nearby exposure,Any STEM birth (pct points),-40,-11.460101484614821,8.07292555720698,-27.283035576740502,4.36283260751086
Low-access first nearby exposure,Any STEM birth (pct points),-30,-14.835133496799681,5.14581228126532,-24.92092556807971,-4.749341425519654
Low-access first nearby exposure,Any STEM birth (pct points),-20,-7.345678648057363,4.6838575473555375,-16.526039440874214,1.8346821447594897
Low-access first nearby exposure,Any STEM birth (pct points),0,-3.624831947346178,4.379371149310832,-12.208399399995407,4.958735505303053
Low-access first nearby exposure,Any STEM birth (pct points),10,-2.345205530127393,5.075391790993428,-12.292973440474512,7.602562380219727
Low-access first nearby exposure,Any STEM birth (pct points),20,3.6589208035329546,5.054247572978245,-6.247404439504406,13.565246046570314
Low-access first nearby exposure,Any STEM birth (pct points),30,5.553496784101895,4.906509921253263,-4.0632626615545,15.17025622975829
Low-access first nearby exposure,Any STEM birth (pct points),40,6.775523921715835,4.137470875597568,-1.3339189944553977,14.884966837887067
